1,m,真面目で誠実な好青年タイプのキミ。人懐っこくて目上の人達からも人気はバツグンです。女の子をひきよせるオーラも持っています。また、大きな目標に向かって何度でも立ち向かうチャレンジャー。実行力も旺盛で積極的、何でも即断即決で失敗を恐れません。スピードがモットーのキミは、素早い攻めには強いけど、チョット粘りに弱い。でも、そこを注意すれば、社会的成功率のアップは間違いありません。周囲が引き立ててくれる幸運に恵まれているから大丈夫。あとは、自信過剰になりすぎないように気をつければ、順風満帆な人生が待っているハズ！,12,普段は積極的なのに、恋愛になると消極的になってしまうあなたには、何でも優しく言うことを聞いてくれるこじかがいい。安心できる相手だ。,11,猿はいつもあなたに好意的。いいたいこともハッキリと言うので時にはドキッとなるが、悪気はないのはよくわかっている。お互いによき理解者。,9,早とちりでおっちょこちょいのあなたを、慎重さでカバーしてくれる。また気分がのらなくてやる気が出なくても、いつも優しく見守ってくれる。
1,f,スマートで華やかなあなた。男性をとりこにするオーラを持っています。勝ち気でプライドが高く、意志も強い性格。短気で、すべてに白黒つけようとする面が強く、時には生意気な人だと思われてしまうこともあります。でも、正義感があり、感情的な発言に気をつければ周囲の人に支持されるハズ。たとえ周囲に反発されても、その実現のためには最大限のパワーを発揮し、どんな苦境も乗り切っていきます。自分の努力以上に周囲がひきたててくれる得なタイプ。また、世界中を飛び回るキャリアウーマン志向で、外見に似合わずガンガン仕事をこなせる人です！,11,自信にあふれるあなたには、ちょっとクールな狼の彼が気を惹く。恋に落ちると進展はとても早く、誰にも止められないスピードで愛は深まる。,1,スピード感がよく似ているので、とても気が合う。また何でも気軽に言い合えるので、ストレスのない関係を長く続けられ、お互い成長もする。,8,あなたの仕事における行動力とバイタリティは見事で、ゾウも一目置いている。一緒に仕事をすると、細かい説明など不要なくらい意見が合う。
2,m,素直な性格で、真面目で飾り気のない印象のキミ。老舗や伝統という言葉に弱く、見かけ倒しのカッコ良さには一切興味ナシ。ただ、堅実主義が徹底しすぎると、柔軟さに欠けてしまい、せっかくのチャンスを逃すことがあります。頼まれ事には真剣に取り組むという誠実さで人脈を広げるといいみたい。きっと社会的成功の基盤を作ることにつながっているハズ。忙しい割には成果が上がらないこともあるけれど、持ち前の粘り強さで、最後までやりきれれば大丈夫！精神的向上を心がけ、焦らず頑張っていくと晩年にかけて幸運が待っています。,5,恋愛に精神的な絆を強く求めるあなたには、甲斐甲斐しく世話を焼く人。なかなか本音が言えなくても、はっきり意思表示してくれるので助かる。,3,しばらく会っていなくても相性が良く変わらぬ友情を持ち続ける。ただお互いに正義感が強すぎるので、時には言い争いになってしまうことも。,4,あなたの勤勉さとまじめさをしっかりと見てくれる。仕事に手を抜かない一生懸命さを高く評価してくれる。あなたの努力が必ず報われる相手。
2,f,情緒豊かで、そこはかとない色気を漂わせているあなた。物静かな雰囲気の中に知性があり、イザ行動にでる時は実践的になれる人です。暖かい心の持ち主で、ボランティア精神にあふれる母性本能が強い人です。ところが内心は警戒心が強く、ガードを固めていて、弱気で淡泊。そのため人に対して依存的なところがあり、自分の役に立つかどうかで人を判断する一面も。人生の理想は高く持っていて、経験に根ざしたリアリティのある夢を育てていく人です。新しいものよりは、時間を経て残ったものや、古き良きものを大切にするタイプ。,3,おっとりとしたあなたに、黒ひょうの彼のスマートさは新鮮に映る。あなたを上手にリードしてくれる、明るく快活な所にめいっぱい惹かれる。,11,なんとなく自然に親しくなる関係。親切な人柄のあなたと互いにいたわり合えるリラックスした時間をすごせる。,7,ビジネスでは最高の相性。忘れ物の多いあなたのフォローや苦手なクレーム処理も、しっかり者の子守熊なら進んでやってくれるので大助かり。
3,m,キミの魅力は、社交的でリーダーシップがあるところ。相手の気持ちを素早く察知し、出方を変える駆け引きが得意です。秩序や上下関係を重んじることも出来るので、正統派の世渡り上手。多少そそっかしい面もあるけど、理解が早く、頭がいい人です。小さな頃から、あんまり勉強しなくても成績優秀でスポーツ万能な優等生だったハズ。めったに本音を出さず、結論を出すのに時間がかかってしまうので、チョット優柔不断と思われがち。またキミは、苦労なしで人生を送れるラッキーな生まれの人です。,10,積極的で情熱的なあなたが主導権をとり、ハートをしっかりつかむ。話題も豊富に全力で接すると、ゆっくり羽を休め胸に飛び込んでくる。,7,気の合う友達としてお互いに認め合い補いあう関係。イケイケな貴方に子守熊がブレーキを掛けてくれるので、安心して思い切って行動できる。,6,神経質で落ち着きが無いので、老練なたぬきのお守り役がいれば最高にいい。抜け目の無いあなたの処世術は、古風な目上の人からも好印象。
3,f,あなたは、まるでヒマワリのような女性。明るく親切で世話好き、社交的で人を元気にさせるパワーの持ち主です。活動的で人への気配りも万全。興味のあることにどんどんトライし、趣味と実益をかねて仕事をすると成果が得られるはずです。ただ、チョット単純なので、思ったことがすぐ顔に出ちゃうのが難点。でもあなたの存在は人に安心感を与え、ケンカをしても後に残らないサッパリしたところも人気の素みたい。自立心がとても強くマイペース型なので、無理な生き方はしない方がよし。あなたのペースで一歩一歩人生の階段を上って行くべし！,10,とてもチャーミングで魅力的なあなたに、ペガサスの彼は一目惚れ。甘えん坊のペガサスには、細かな気遣いをしてくれるあなたは天使に見える。,3,同じような価値観を持っていて、とても相性いい二人。さっぱりとして付き合いを基本としながらも、補い合う部分もありお互いに不可欠な関係。,5,立てた目標に邁進するあなたの姿勢が、虎の心を打つ。ただ目先のことしか考えないあなたと違い、虎は全体像を考えていることを忘れずに。
4,m,キミは世間的な評判には無頓着で、颯爽と我が道を行くタイプ。また、ずば抜けた直感力で、物事の本質を見極めたり先行きを予測したりすることが出来ます。腰が軽く素早い行動力を持っていますが、チョット早とちりな面があるため、注意が必要！とんだ落とし穴に陥る可能性があります。理想を実現するための意志が強く、自分の世界にどっぷりと漬かってしまうと「オタク」になりがち。バランスを取ることが大事です。多少の障害で挫折しても、起死回生のチャンスが訪れる強運の持ち主。年上の人と付き合うとさらに運勢がアップ！,6,少年のように純粋でロマンチスト、恋愛だと粘り強さを発揮し生涯が合ってもへこたれないあなたを、優しく包んでくれ調子を合わせてくれる。,11,アクノ強い個性を持つあなたは平凡な人に興味が無いが、狼の独創的な個性は友人の条件をすべて満たす。お互いのあまり干渉し合わないのがいい。,12,対人関係で好き嫌いが激しく苦労するあなたも、こじかなら上司でも部下でもうまくやれる。あまり出世欲や野心のないあなたのよき理解者に。
4,f,あなたは、ロマンチックな理想を持ちつつ、現実的な方法でそれを実現していくタイプ。ただ、気が短くせっかちで、落ち着きがないところがあります。その反面、ゆったりとくつろぐ時間がないとストレスが溜まってしまう人。ただし、自分の夢や理想に対しては、長期的な展望ができます。おとなしく見えますが、直感力に優れ、人を見る目はとっても鋭い！だから相手の望みを理解し、良い人間関係を築くことができるハズ。また、行動的な性格と強い意志で、たとえ今はダメでも、最終ゴールで勝てればいいと思っています。,3,快活なあなたも内面はとても神経が細やかで繊細。そんな気持ちを一番わかってくれるし、新しいものに果敢にチャレンジする姿に強く惹かれる。,9,薄っぺらな人を軽蔑するあなたも、博識なひつじなら知的好奇心を満たされる。レベルの高い友人しか持たないので、友達の多いひつじは頼りに。,1,粘り強さであなたの右に出るものはいない。長期的展望に立った計画的ビジネスには短期的決戦に強い猿がいれば鬼に金棒。とてもよく理解してもらえる。
5,m,楽天的で空想家のキミは、変わり者の自分をウリにしています。他人が自分に好意を持つことが当たり前だと思っており、でもそんな思い込みが人から好かれる得な性格。また、曲がったことを嫌う正義感あふれる純粋な心の持ち主です。誠心誠意他人に尽くしますが、相手の心理を読むことは苦手。でも、得意の話術でいつの間にか自分のペースに巻き込むことが出来ます。外見からは想像できないけど、プライドは高く負けず嫌い。キミは目上の人に引き立てられる運勢を持っているので、周囲とのバランスをうまく取れれば成功への道は開いていくハズ！,2,八方美人で面倒見のいいあなたも、恋愛では負けん気の強さが出てリーダーシップを取りたがる。チータの彼女なら上手に立ててくれ気分もいい。,6,なかなか人を信用しないたぬきも、あなたの純粋でまじめな人柄にはとても好意を抱く。一気に親しくならず、時間をかけて長い付き合いに。,5,仕事の時は厳しい虎も、なぜかあなたが気になって面倒を見てくれる。実力があるのに生かされていないあなたの能力を引き出してくれる。
5,f,マイペースで、細かいことには無頓着なあなた。先取りが得意で、身のこなしはスタイリッシュ。のんびりとして温厚に見えても、実は自分の信念を押し通す自尊心の強さと、ワガママな面も持っています。でも、どんな困難にもくじけないパワーの持ち主。物事を白黒つけて即決することが苦手ですが、焦らず何事も着実に実績を積み重ねていきます。ホントは優しいのに表現がヘタなので、人からは頑固者だと思われがち。それをよく理解してもらえれば周囲の人達から信用されます。また、年をとると、知性も親しみも増していくタイプです。,10,理想が高く一途な性格を持ったあなたは、内面はとても頑固。ペガサスの彼なら大きな翼で包んでくれる。束縛されない関係はあなたの理想。,8,細やかな神経を持ちながらも、それを感じさせないゾウの洗練された様は、あなたにピッタリ。多くを語り合わなくても考えていることがわかる。,9,あまり深く立ち入らず仕事上の関係でいるならば、最高の関係。得意の自己主張を控えめにして人間関係を円滑にすることが、継続の秘訣。
6,m,キミはマイペースで悠々とした印象をあたえる人です。人あたりがソフトで温厚、包容力のある楽天家。また体力的にも精神的にも強く、常に輪の中心にいるタイプ。人見知りしない度胸があって、人望もあり、したたかな計算と様々なアイディアも合わせ持っています。そのため、物事を手がけた時の成功率はかなり高く、将来は大物になる可能性は十分アリ！幅広い視野を養っていくことが成功のカギになります。ただ結論まで時間がかかるので、即断即決はしない方がいいかも。じっくりと一つのことを分析していくような分野で能力が発揮するタイプ。,4,タフで勢いのあるあなたにふさわしいのは、プライドの高いライオン。女性の扱いに慣れていても多少てこずらされるが、そこがかえって魅力に。,7,お互いに即断即決することのない慎重さを持っていて、意見が合う。いつもは盛り上げ役のあなたも、子守熊がいると安心して任せられる。,3,仕事の上でも器用さを発揮するあなたは、黒ひょうの信頼を見事に勝ち取る。黒ひょうが率先して行動し、あなたが名参謀役で取りまとめを。
6,f,あなたがそこにいるだけで、周りが華やいだり、その場を楽しいムードにさせるオーラの持ち主。柔らかな外見からはわかりませんが、強烈な自我を内に秘めています。無意識のうちに損得勘定をするチャッカリ屋の面もあり。また、どんな環境でも自分の生きがいを見つけて、明るく生きていける純粋な素質も持っています。常に自分の心に忠実で、後悔することがあまりないのも特徴。姉御肌のあなたは、弱い立場の人を守るために立ち向かい、心を許した相手には誠心誠意尽くします。強い自我を上手に活かしながら、周囲とうまくやっていくタイプです。,3,スマートで優しい男性が理想的のあなたにとり、黒ひょうは憧れの人。ただ、言い寄られると構えてしまう性格が邪魔して、チャンスを逃すことも。,1,朗らかで明るいあなたはみんなから頼りにされ、友人関係も幅広い。でも、気を遣うばかりで本音で語り合える友人は多くない。猿なら理想的だ。,9,あなたの社交性は仕事情も大いに役立ち、キャリアウーマンとして生きていける。ひつじはよき理解者で、あうんの呼吸でリードしてくれる。
7,m,隙がなく、超然とした雰囲気を漂わせているキミ。どこか気高さを感じさせる人です。内面はプライドが高く、負けず嫌いで、正義感が強い性格の持ち主。自分の世界に土足で踏み込むような無神経人間は大嫌い！ダイナミックに生きることをモットーにしているので、世界中を飛び回っていたいと願っています。また、引っ越しや転職を繰り返したり、仕事や人間関係が大きく変わったり、変化に遭遇しやすい運気を持つタイプ。でも、プラス思考なので、問題が起きても積極的に対処し、それをチャンスに飛躍することができる人です！,6,周りとうまく強調していくあなたは、恋のチャンスに敏感。スピード感を大切にするので、おっとりしたたぬきは不思議な存在で魅力を感じる。,1,外見とは裏腹に非常にデリケートで常識的なあなたには、勝機にあふれ勝負強い猿はいい刺激になる。友好的ライバルとしてうまくやっていける。,12,仕事熱心だが他人の干渉を受けたくないので周りとの衝突もあるが、こじかが潤滑油になってくれる。ただ、それなりの努力は覚悟する必要も。
7,f,ハキハキとした態度の中に、秘めた色気があるあなた。でもホントは気が短く、神経過敏でシャープな面を持っています。一直線に突き進むあなたは、時にはかなりの頑固者になってしまいがち。そのため、若い時には周囲の人間や両親との衝突が絶えません。でも、上品な外見でそんな風には見えず、得をしているタイプ。発想の転換が早く、何でも楽しみながらやれる人なので、この相反する性格が人間的な魅力になればしめたもの。ダイナミックな一生を送りたいと思っているので、大きな目標を達成するまではチャレンジを絶対に止めません。,4,あなたの品の良さとライオンのプライドの高さがうまく調和し最高のカップルに。恋愛への考えもしっかりしていて好みもうるさいがお似合い。,11,ずばずばものを言う狼には時々カチンとくるが、狼はどうでもいい人には苦言を呈さないので、それは信頼度の証。友人としての相性はバッチリ。,3,あなたはじっくりと腰をすえて仕事に取り組むのが苦手だが、黒ひょうがうまくサポートしてくれる。お互いに一言多いので言葉には注意が必要。
8,m,キミは腰が低く温和で、イヤなことも顔に出さない、類を見ないほどのよい人です。社会的な成功には無関心を装っていますが、素晴らしい粘りと意志の強さで計画を実行に移し、着々と成果を上げていきます。ただ、考え過ぎて解決の糸口を見失うこともあるので気をつけるべし。また自分だけを信じているような独自の人生観を持っているのも特徴。何かにつまずいた時には、客観的に周りの意見に耳を貸すことも必要です。争い事が嫌いなので、安定した組織の中で実力を発揮するタイプ。仕事のパートナーとしてはかなり気にいられる存在です。,11,意思や感情を表に出さず腹にしまっておくあなただが、恋愛なら持ち前のファイトでアタック。独占欲が強いが、狼なら愛情を受け止めてくれる。,12,いつも一緒の二人だが、あまりに時間を共有しすぎるとお互い疲れてしまうし、適度な距離が必要。基本的には共通点も多くわかり合える関係。,10,気分に左右されるペガサスだが、我慢強く陰日向無く努力するあなたの強い見方。難しい人物にも気に入ってもらえるのがあなたの特技。
8,f,あなたは、少女のあどけなさと可憐さを残した、控えめでおとなしいタイプ。立ち振る舞いもおしとやかで、優しさにあふれていています。しかし、実はプライドがとても高く気まぐれで自分をコントロール出来ない感じが残る人。プライドがとっても高く、トップで輝くよりは一歩下がったところで、しっかりと自分を守った方が性に合っているかも。物事に粘り強く取り組んで、自分の中にある夢や考えを形にします。社会的な仕事や戸外の活動のほうが向いているみたい。人間関係は一時の強いつながりよりも、細くても永く続くことを望むタイプです。,10,普段は冷静さを売り物にしているあなたが、恋愛は驚く速さで突き進む。無いものねだりで、端正な雰囲気の理知的なペガサスに強く惹かれる。,1,いくつになっても変わらない友情を持ち続ける相性抜群の関係。一見共通点がないようにも思えるが、猿なら最高にして生涯の友になるはず。,7,お互いに共感できるところが多く、ビジネス上ではプラスに作用。几帳面にフォローしてくれる頼もしい子守熊がいれば、あなたの良さが強調される。
9,m,ちょっとそそっかしくて、明るくてフランクな人柄のキミ。その明るさがすべての幸運の鍵です。好奇心が旺盛なのでなんでも首をつっこんじゃうタイプ。知らないことはそのまんまにはしておけず、どんなことも深く極めたい欲張り屋さんです。また活動的で研究熱心なキミは発想豊かで、いつもアイディア満載。それをもとに、ありとあらゆる着想を巡らせて考えるのが大好き！とっさの判断力に優れ、ここ一番の勝負強さはバツグン、努力家で何事も最後までやり抜く粘り強さも持っています。でも基本は利益を第一に考える合理主義者です。,10,発想が豊かなあなたは、恋愛に関しても演出を大切にし相手をアッと驚かせるので、意外性のペガサスがピッタリ。自由気ままさが心地よいはず。,5,お互いに強い信頼関係で結ばれている。時に良きライバルとしてぶつかり合うこともあるが、次の日には何事もなかったかのように付き合える。,11,取引先に狼がいれば最高。用件だけで話は済むし、彼らの関係に世間話など必要ない。白黒をハッキリさせたいという共通点が有効に活かされる。
9,f,あなたは、とっても尽くす女の子。周囲に対しても女性らしい気遣いで、楽しい雰囲気を作ろうとします。また人当たりは柔らかいのに、サッパリした気性の持ち主。大変な努力家で、仕事ばかりでなく趣味や遊びにも研究熱心です。多少そそっかしい面もありますが、理解も早く頭もいい人。でも、努めて明るく振る舞っていても、心の中はいつも孤独をかかえています。そんなあなたには、利害関係のない信頼できる友人を持つことが大切。自分の気持ちを表現することが苦手なので、誤解を受けやすいみたい。時にはワガママになってみるのもいいかも。,5,魅力的なあなたは、細かな気遣いで虎の彼を魅了。誰でも気軽に付き合えるのに、恋愛では一途になり一生懸命に尽くす。何でも言い合える関係に。,3,友人としては最高。とても気が合うので、異性だと周りからは二人の関係を怪しまれるくらいだが、不思議なことに恋愛には発展しにくい。,1,同じ猿同士でとてもわかりやすい関係なので、ビジネスには最高。あまり近づきすぎると相手の欠点が目に付いてくるので、ほどほどに。
10,m,キミは、ものわかりが良く、世話好きな人気者。おとなしい印象がありますが、内面は猛烈なファイトの持ち主です。障害にぶつかっても決してくじけず、高いハードルにも果敢にチャレンジする人。動と静が効果的に働いているタイプです。粘り強さと頭の良さから、先を見通して長期的な展望で仕事をこなすことも可能。夢や理想に向かって、長期的な努力もします。ただ、最大の難点は先走りしすぎること！天性のカンを頼りに生きているため、良い時と悪い時の差が激しいのが特徴です。テキパキとやっていても、気が付くと一人で意固地になっている可能性も。,12,感性も豊かなあなたは相手を放っておけないので、こじかの彼女だと自分を犠牲にしてでも面倒を見られる。彼女もそんなあなたから離れられない。,9,自分を飾らないあなたは建前では付き合えないので、時には人間関係のトラブルに見まわれる。ひつじなら潤滑油的役割を演じてくれて強い見方に。,8,実利的な面で協力関係。個性の違いが良い意味で補い合うが、一線を超えるとうまくいかないので注意が必要。仕事上の付き合いと割り切ること。
10,f,一見おとなしい印象を与えるあなた。しかし、行動的で時々人の意表をつくような大胆なことをします。白黒をハッキリさせる性格なので、言うべきことはしっかり言ってしまっても周りから信頼される得なタイプ。でも、プライドが高く、少しでも傷つけられると激しく怒りまくってしまう傾向もアリ。姉御肌なので、友人のプライドが傷つけられても自分のことのように怒ってしまいます。まるで表と裏に正反対の性格を持っているような感じ、たまに隠された面がでてきます。モノを見る目は鋭く、簡単には人の話を信じない疑い深い面も。,10,あなたは生活力も旺盛でみんなから頼りにされ、年下の男性からも人気がある。甘えん坊のペガサスから見ると理想的な存在。相性もバッチリ。,11,淡白で素直な性格は、狼と共通している。お互いに本音で生きているから、思ったことはハッキリと言い合うので、友人としては最高の相性。,6,たぬきのおせっかいが過ぎない限り、友人のような関係が成り立ち、協力的に物事が進む。相手が異性の場合は、恋心が芽生えることもある。
11,m,愛想はいいけど、お世辞は絶対言えないピュア青年。大らかな外見と内に秘める情熱は、飾り気などまったくなし。夢や理想に向かって努力していくキミなので、老け込むこともありません。思ったことをズバズバ言って、時には周囲をビックリさせちゃうこともあるけれど、本人はまったく悪気ナシ。けんかをしても、後腐れのないサッパリとした性格です。律義で裏表のない性格なので、一度信用されると長続きする関係に。でも、誠意があって楽天的な性格が裏目にでちゃうと、他人にだまされる可能性も大アリなので、十分気をつけましょう。,3,皆に好かれる性格だが、警戒心が強いので最初はとても慎重、でも黒ひょうの彼女には一目ぼれ。強く惹かれ珍しく燃え上がる恋に落ちる。,2,実直で地味な貴方とは正反対に見えるチータだが、意外と相性は良く、長く付き合えそう。お互いくよくよしないので、前向きな友人関係が続く。,5,仕事上で多少の甘えがあり率先して行動するタイプではないあなたに、なぜか気に掛けてくれ手を貸してくれる虎は最高のビジネスパートナー。
11,f,外見は素朴で明るくてやんちゃなあなた。一見気が強そうに見えても、実際は穏やかで純粋な心を持った古風な女の子です。周囲への気遣いは行き届いているけど、ホントは好き嫌いが激しくて、曲がったことは大嫌い！また、自分の身内に囲まれていると、ワガママな面がでてしまいがちになり、あなたの良さが半減してしまうので要注意です。好奇心が旺盛なわりには警戒心が強く、人見知りをするので親しくなるのにちょっと時間がかかるタイプ。でも、いったん信用して心を許した相手とは、生涯変わらぬ長い付き合いをします。,5,結構やんちゃで勝気のあなたは、強い男にあこがれる。虎の彼ならたくましくて守ってくれる。寂しがり屋で涙もろいあなたの強い味方になる。,3,親しくなるのに時間がかかり好き嫌いも激しいあなたでも、黒ひょうとは相性良くすぐに仲良くなれる。一度オープンハートすると生涯の友人に。,8,女性にはとても優しいゾウは、あなたをいたわってくれる。安心できる環境の中で力を発揮できるあなたにとって、最高のビジネスパートナー。
12,m,キミは、引き締まった風貌の中に、繊細さの見えるインテリタイプ。人の機嫌を伺うようなことは大の苦手だし、人付き合いも上手ではありません。でも、正義感が強くウソのない誠実さで、「縁の下の力持ち」的存在に。時間をかけることでだんだんと周囲に信頼されていきます。人間嫌いじゃないけど、心を許せる少数の友達をキチンと大切にする人。また、妥協を許さない完璧主義者！一度決めたことは、その道のプロになるまでトコトン努力する頑張り屋さん。周りの変化に惑わされず、自分を保持できる安定した精神状態を持つ人です。,12,とてもソフトな対人対応をするあなたは、女性の母性本能を刺激し年上の女性から好意を寄せられる。こじかなら多くを語らずとも分かり合える。,11,努力主義者のあなたに対して尊敬の念を抱いている狼は、とても好意的。価値観の違う二人だが、補いう合うことで親交を深めることができる。,2,やると決めたら最後までやりぬく根性を持っているあなたと、可能性を追求しながら何でも果敢に挑戦するチータが組めば、もはや敵なし。
12,f,あなたは、甘えや依存心がなく、周囲から頼りにされる存在。外見は丸みがなく神経質そうな人が多けど、飾り気のないサッパリとした人です。行動力はあるけど、人情にチョット疎いところがあり、孤立しないように要注意。本来は平和主義者で、カッとなって腹をたてることはまずありません。けじめを大切にしていて、そのためには徹夜も全然へっちゃら！また、冷静で感情に流されるようなことはなく、何事も割り切っていますが、決して冷たいわけではありません。柔軟性もあり、へこたれることもなし。自由でいることを好み、束縛されるのが苦手です。,7,自由を好み束縛される環境に弱いあなたは、結構しっかり者で倹約家。現実的な子守熊なら、よく学びよく遊ぶことの好きなあなたには最高。,3,さっぱりした印象で慕われるあなたは、直感的に良い人か悪い人か判断でき、人付き合いが苦手。黒ひょうなら情熱的な雰囲気に惹かれ長続き。,11,苦手な協調性を共用されない関係だから、お互いにとても楽。一を聞いて十を知るあなたと言葉足らずの狼のコミュニケーションは実に見事。
13,m,とにかく曲がったことが大嫌いなキミ。正義感は人一倍強く、たとえ人のことだろうが筋を通そうとします。自分が納得いかないことには絶対にウンと言わない頑固者。でも、周囲が一目置くくらい自分の得意分野でナンバーワンをとるパワーの持ち主。ただ、飽きっぽく根気が足りないのがキミの難点。いつももうひとふんばりするように心がけよう。そうすればキミの独特の発想力がもっと認められるはず。要領は良くないけど、恵まれた運の持ち主なので、キミの個性がすべての面で発展していくこと間違いナシ！,8,恋愛に関してもぶっきらぼうな貴方はあまり干渉しないゾウの彼女なら気も合う。面倒見はいいが慎重だからさりげなく傍に居てくれるかんじ。,5,干渉されたくない二人は、考え方も良く似ていてス路レスがたまらない。お互いの生活圏を侵さず他人から冷たい関係と思われるが、それがいい。,12,こじかが補佐役になりス同権は狼が握ると、相性はいい。ただし、こじかがあれこれ口をだしたりすると狼はそっぽを向く。
13,f,あなたは人見知りをせず、どんな人にでも優しく親切。開けっぴろげで、社交家に見えるけどホントは他人から干渉されることが大嫌い！個性的なタイプが多く、独自の感覚や感性を大切にして人生を渡っていきます。とにかく平凡が嫌いで、生活や好みもちょっと人とは違う方がいいみたい。自分の好みの生活パターンを自ら作ってしまう人です。そのため、周囲との摩擦がおこることもありがちですが、直感力が鋭いので意外にも世渡り上手。絶対に人にゴマをすったり、機嫌をとったりしない純粋なところが、何と言ってもあなたの最大の魅力です！,5,他人から同見られている柿にしない貴方は平凡な相手よりも変わった虎がいい。虎は悠然としているが非常にバランス感覚が優れている。,2,あなたの独自の感性をチータは大事にしてくれる。チータのイケイケの所にセンスを感じてしまうようだ。友情以上の更衣が芽生えることもある。,12,プライドの高い貴方も、こじかの前では素顔で居られる。仕事はテキパキこなすし明るいので、人間関係もうまくまとまって、仕事は急上昇。
14,m,キミは、面倒見がとてもいい親切なナイスガイ。人から何か相談されると、一緒になって悩み、真剣に考えてしまう優しい人です。どんな時も大らかで平均的な生き方を望み、孤独が大嫌い！相手に自分を合わせていくことができ、人間関係や考え方に偏りは一切ありません。情報収集と客観的な判断力もズバ抜けていいので、世間からずれることもナシ。ただ、大きな計画や企画は自分の手に負えない気がして、チョット苦手みたい。現実とのギャップで、ついつい愚痴が多くなってしまうことも。実行力や粘り強さを身に付ければ、もう怖いモノなしです！,5,女性的な優しいをもつあなたには、男性的な強さと包容力を持つ虎。この二人が恋に落ちると、普段からは想像もつかない激しい面が顔を出す。,4,没個性のあなたから見ると、個性の強いライオンは頼もしく見える。実際にあなたを外的から守ってくれる。長い付き合いのできる貴重な存在。,6,仕事と割り切って付き合うと、とてもいい関係が保てる。何でも相談できる友人にもなれるが、あまり深入りしないのが良好な関係を続けるコツ。
14,f,おっとりしていて、そこはかとない色気が漂わせているあなた。広い趣味を持つ人が多く、仕事や趣味を通じて、世の中のためになるようなことをしたいと願っているみたい。人付き合いはソフトですが、プライドは高く、自分から折れたり譲ったりすることはまずありません。また、自分で自分をコントロールする力を持っていますが、人から無理やり押し付けられたことはガンとして拒絶する頑固な面もアリ。率先して行動する積極性には欠けているけど、受けて立つ忍耐強さはピカイチ！自分の要求を通す時の交渉や駆け引きも上手です。,5,親しみやすいほのかな色気のあなたは本来内気で、虎のようにグイグイ引っ張ってくれる人に弱い。相性も抜群で大いに恋愛をエンジョイ。,10,みんなと合わせているようでなかなか本心を明かさないあなたにとって、すべて察してくれるペガサスだけでは何でも話せる相手かもしれない。,6,人間関係と和を大切にする二人は職場でも特別な存在。隠健な仕事仲間で潤滑油的な役割を演じてくれるので雰囲気は和むが、効率も考えたい。
15,m,キミは何をやっても器用にこなせる人。楽天的で、どんなこともゲーム感覚でしまいます。また、世の中の流れを先取りする独特の鋭いカンの持ち主。それがどんな大きな希望を持っていても、叶える原動力になっているみたい。人生にも極めて意欲的で野心的、最も効率のいい方法を選ぶクールな能率主義者です。ただ、臨機応変で素早い行動が自信となって態度にでるので、周囲の人からはチョット恐れられることもあるかも。キミは年を重ねるごとにパワーが磨かれ、どんどん運勢がアップする強運を持っているので、何をしても、成功しそうです！,10,行動力あるあなたに、自由に飛び回るペガサスの女性はピッタリ。合理的に判断するあなたにない、カンと粘りを持つ感性はかけがえない。,5,能率主義者のあなたに、虎は最高の理解者でありライバルでもある。お互いを高めあう最高の運気を持っていて、切磋琢磨の関係で友情は長続き。,7,せっかちで短期なあなたには、常に長期的に物事を捉える子守熊は良きビジネスパートナー。感覚も合うので協力関係を築くことが可能。
15,f,あなたは強い自我があり、大きな自信を持っている人です。研究や探求の強さも誰にも負けません。また周囲の人に行き届いた気遣いをし、要領よく立ち回ることができます。一見穏やかそうでも、情熱的で競争意識が強く、何事にも全力でぶつかっていくパワーの持ち主。でも自分が信じたものが全てという頑固な面もあります。怒りを自分の中にためこんで、ある日突然爆発することもしばしば。そうなる前に、もっと幅広くいろんな人と交流して、心を開いて話し合えば、ストレス解消にもなるのでは？もう少しゆとりを持つことが大切！,11,情熱的でアクティブなあなたは、情にもろい面もあり同情から恋愛に発展することもあるが、知性的で合理的に物事を判断する狼が一番の理想。,4,向上心あふれるあなたには、弱音を吐かないライオンが最高。お人よしのあなたと厳しい目を持ったライオンの組み合わせは補い合える関係。,9,攻めに強く守り弱いあなたのすばらしいパートナーは、しっかりとフォローと後始末をしてくれるひつじ。攻守そろった理想的な組み合わせ。
16,m,物質面では無頓着なキミだけど、金銭面では細かく、実質重視で損失を避けるタイプ。相手の心理を読む鋭いカンがあり、独自の論理を展開していくという、たくみな術も持っています。また、コツコツと実績を積み上げていく律義さと、ひらめきで斬新なアイディアを持つ柔軟さの二面さが同居している天才肌！何をやっても飲み込みが早く、人並み以上のパワーを発揮しますが、粘りに欠けがちな点に注意。納得がいかないとテコでも動かなかったりするようなところもあります。もっと寛容さを身につければ、キミの運勢は安定するハズ。,1,恋に発展するのに時間のかかるデリケートな面を持つあなたには、気持ちを察してくれてなんでも器用に甲斐甲斐しく動いてくれる猿の彼女がいい。,6,神経質なあなたには、おっとりとした感じのたぬきが補い合う感じ最高。テンポもよく合い、苦手な人付き合いも怖いものなしに感じる。,11,万能選手を目指すあなたは、わりとカンに頼ってしまいがち。そんなあなたをよく理解してくれ好意的に接してくれるのは、価値観の似ている狼。
16,f,少女のような清潔さと可憐さを持ち続ける女性です。年齢に関係なく、気が若い人が多いみたい。激しいスポーツや修行に取り組み、肉体を鍛えることにこだわる面もあり。物思いによくふけてボーッとしていますが、自分が描いた夢に向かって長期的に頑張れる人です。理屈っぽく負けず嫌いなので、納得出来ないことにはなかなか認めない意志の強さも持っています。また、世渡り上手な面もあり、とくに金銭的には転んでもタダでは起きないシッカリタイプ。性格的にはさっぱりしていて素直ですが、簡単には人を信じない疑り深いところもあります。,5,シャイな性格で恋愛には時間がかかるあなたにとり、グイグイと引っ張ってくれる虎の彼は、とても頼もしい存在。頼りがいのある所に惹かれる。,12,一度親しくなると、いつまでも友情を失うことない友人として最高の相性。一見強そうなあなたの内面に潜む優しさが、こじかとうまく調和する。,11,常に長期的な目標を持ち計画したことはやり抜くしっかり者のあなたを、陰で支えてくれるのは狼。キャリアウーマンを目指すには最高の協力者。
17,m,外見は知的で落ち着いた雰囲気のキミ。考え方も穏やかで上下関係や礼儀にはうるさく、とっても保守的な人。人見知りが激しく、警戒心が強いので、初対面の人にはなかなか心を開きません。また争い事が嫌いで、やや八方美人なところがあります。しかし内に秘めた強い意志があるので、一度やると決めたことは最後までやり通す頑固一徹な性格。ポリシーは絶対曲げないタイプです。責任感が強く、負けず嫌いで自信家なので、イザとなったらリーダーになる素質は十分アリ！トラブルが起きても逃げも隠れもしない潔さが、キミの最大の魅力です。,2,保守的で穏やかなあなたに、彼女は新鮮。恋に落ちるのはあっという間。チータの積極性が多少人見知りのあなたのハートに火をつけ情熱の炎に。,10,物静かで知的な感じのあなたにとって、ペガサスは意外な存在。不思議と似ている部分も発見できるかも。何となく波長も合い長続きする。,6,お互いに人間関係に気を配るタイプの二人は、気の合う仲間。仕事上では和を大切にする気持ちが、チームプレーとなり、周りからの信頼を集める。
17,f,温和でおとなしい印象を受けるあなた。しかし、内心では警戒心が強いから、人見知りをするみたい。でもいつも愛情を受けていたい気持ちが強いので、親しくなるうちに可愛いワガママも出てきます。動作がゆったりしているあなたは、物事を実行に移すのもノンビリマイペース。でも人生を成功させることにかけては、猛烈に頑張りまくる半端じゃない意志の強さの持ち主です。世間の目を気にするところがあり、目立った行動は苦手。純情で保守的な性格です。,2,おっとりしたタイプで、人見知りも激しいあなた。行動派で小さいことにはこだわらないチータの彼なら、貴方の心を捉えて離さない。,7,純情で周りに対する気配りを欠かさない貴方が、安心して付き合えるのが子守熊。急かしたり尻を叩いたりしないのでマイペースで生きられる。,11,仕事上は控えめな性格で目立たないが、マイペースで仕事をこなすあなたには、リズムを大切にしてくれプライベートに立ち入らないからとても楽。
18,m,キミは冷静沈着でどっしりとした風格の中に、ピンとした気品が張りつめている人。親分肌で腹を割った付き合いをするので、信頼度は高く、どこにいても、リーダーシップをとり輪の中心的存在です。常に目標を持って努力をすることが好きな不言実行タイプ。流行や世間の動きに敏感に反応して、最善の道を選択し、着実にコツコツと成果を上げていきます。プロ意識が高いので絶対に妥協は許しません。この積み重ねが、大きな飛躍に恵まれるカギに！注意点は周りに気を遣い過ぎること。チャンスを逃してしまうことにもなりかねません。,12,この人と決めたら押しの一手でアタックするあなたは、精神的な絆を大切にする。こじかならよき理解者で、あなたの内面を満たしてくれる。,3,見た目と違いわりと神経質なあなたにとり、黒ひょうは迷いや悩みを吹き飛ばしてくれる。落ち込んだ時もプラスに転じさせてくれる最高の友人。,5,職場の複雑な人間関係になやまされることの多いあなたには、虎だけが何でもハッキリものを言ってくれるもので、信頼できるパートナーとなる。
18,f,清楚な感じで、飾らないサッパリとした性格のあなた。妙に大人びていたり、逆に子供っぽかったりするアンバランスさがあり、それがかえって魅力になっている不思議な人。プライドが高く、清潔で短気な面がありますが、決して表には出さないので対人関係もうまくやっていきます。根が真面目なので、地味なことも嫌がらないでやり、黙々と実績を積み重ねていくタイプ。ただ、合理主義を尊重しているので、情緒的な柔らかさにはちょっと乏しいかも。経済的には倹約家で、衝動買いや、計画性のないお金の使い方は絶対にしません。,11,好みにうるさいあなたは、平凡な人では心が動かない。そんな心を射止めるのは、ちょっと変わっているけれど知的で合理的な判断力を持った狼。,4,感性が似ているライオンは、友人として相性も良く長く付き合っていける。二人にしか通じない会話を聞いていると、特別な関係と疑うほど。,1,妥協を許さずと中で投げださないあなたを、高く評価してくれるのが猿。何でもテキパキこなす猿には、まじめに取り組む姿勢が信頼の元。
19,m,自分独自の世界観を持つキミは、好き嫌いや気分に左右されない強い意志を持つ人です。でもちょっと飽きっぽく、根気が足りないのが難点。どちらかというと大器晩成型なので、何事も長い目で見た方がいいみたい。人情に厚く、人に何か頼まれるとイヤとは言えない性格のキミ。自分の時間を削ってまでも解決のために奔放しちゃいます。ただ、そんな優しい性格につけ込まれないように、じっくり考えてから引き受けるべし！大きな災難は向こうから避けるような不思議な運勢を持っているので、安心して、信じる我が道をＧＯ！,8,独自の恋愛間を持ち発想も奇抜なあなたは、あまりかまわれるのが好きではない。どんなあなたの気持ちを察してくれるので、楽しく付き合える。,4,どちらもやや積極性に掛けるが、お互いに公私の区別をはっきりとつけるので、友人として長く深く付き合える。ただし親しくなるまで時間が必要。,2,あまり出世欲の強くないあなたは、かえって何でもどんどんやっていきたいチータとウマがあう。行動派のチータと考え策を練る狼の絶妙なコンビ。
19,f,あなたは、集団の中にいても独特のオーラをかもし出し、常に目立つ存在です。また絶対他人に媚びたりゴマをすったりすることのない潔い人！心の移り変わりが早く、常に変化を求めているけど、一度やると決めたことはトコトン最後までやり抜く信念の持ち主です。外見は大らかに見えるけど、けっこう不思議ちゃんの面もあり。小さい時も団体行動が苦手で単独行動が好きだったのでは？第一印象がクールに見えるせいか、初対面ではちょっととっつきにくく見られがち。でもホントは素直で明るくユーモアあふれる女の子です。,9,周囲に無頓着て人間関係に誤解を生じやすい貴方には、気配りのひつじは最高の組み合わせ。お互いに堅実な生き方を求めるので、愛情は長続き。,11,個性的で想像力もたくましいあなたについていけるのは、同じ狼。お互いにプライバシーを大切にし、息が長く気遣わないですむ友人は不可欠。,6,お互いに慎重なので、親しくなるまでには相当の時間を要するが、一度信頼を勝ち取ると良好な関係は長く続き、なくれはならない関係になる。
20,m,キミは社会の動きに敏感で、客観的に物事を判断できる能力の持ち主。安全第一の慎重派タイプなので、自分の考えだけで行動することはまずありません。控えめでおとなしく、人の意見に逆らうようなことはしない平和主義者。多くの情報を集めて客観的に物事を判断する能力に優れています。そのため社会の動きに敏感で、広い視野を持った知識人。ただし、我を張り過ぎると、周りとのバランスを崩しちゃうので要注意！また、チョット気分屋の面があり、気分次第で言うことが変わったりしてヒンシュクをかうことも。協調性を持てば、必ず成功する人です。,7,あなたの持ち前の優しさで、子守熊の気持ちを魅了する。慎重すぎる面や行動力に欠ける所は、サービス精神旺盛な子守熊の行動力がカバーする。,1,何事も客観的に考え常に不安を持っているあなたにとり、猿の気力と勇気は何物にも変えがたい。どちらも群れをなす動物でそれも気が合う要因。,6,職場でも人と争うことのできないあなたは、潤滑油的は役割を充分に演じている。そんなあなたには、ともに縁の下の力持ちになれるたぬき。
20,f,あなたは人当たりが柔らかく、世話好きで親切な人。基本的には、人の意見に逆らうようなことはせず、受け身の態度を崩しません。本心を素直に表現するのが、チョット苦手。自分からリードすることはなく、常に安全な道を選び冒険はしないので、信頼はされます。ただし、理想が高く周りに対して過剰な期待と夢を持っています。また、いったん我を張るとなかなか譲らない意地っ張り。そのため、人との交流を大事にしながらも、一人でいたいという気持ちも抱いていて心の中で葛藤するタイプ。精神的に、矛盾した不満を抱いていることが多い人です。,6,恋愛も人情抜きで成立しない特に人から頼られると弱いあなたには、いたわりの気持ちを持つたぬきの彼。優しい男性だと本来の良さが出る。,1,消極的なあなたにとり、何事にも積極的で負けん気の強い猿はベストパートナー。お互いに仲間意識を持つと、生涯の友として深く付き合える。,3,ひつじも黒ひょうもコンセンサスをとても大切にし、議論を重ねながら仕事を進めていく。トラベルに発展することがなく、助け合える関係。
21,m,ダンディで知的なキミは、穏やかな物腰が魅力的。でも、チョット神経質な面と、知的レベルが高くインテリゆえの感受性の強さを感じさせる面があります。自由を愛する人なだけに、束縛される環境は絶対ダメなタイプ。何よりも直感や気分を最優先させます。大変な努力家ですが、何かひとつ飛び抜けた才能を持っている天才肌の人が多いのも特徴です。誰にも思いつかない斬新なアイディアや、すばらしい力を発揮し大成功する可能性アリ。決断力や実行力がないのが難点。先頭に立つより、一歩引いた所でブレーンとして活躍したほうが向いています。 ,12,束縛されることが嫌いなわりに淋しがり屋のあなたには、こじかの彼女との穏やかな愛が最高。つかず離れずの関係で大恋愛に発展する可能性も。,4,警戒心の強いあなたが、ひとたび警戒心がとかれると腹を割った付き合いができると。ライオンも本音を吐かないところがあり、いい関係に。,1,仕事上の相性はとてもいいが、どちらかというと猿にあなたは使われてしまうことが多い。何でもテキパキとこなしてくれる猿となら結果は出る。
21,f,茶目っ気があり、人懐っこい印象の女の子。他愛のないことで泣いたり、感動したり感情表現がオーバーなあなた。でも、内心は警戒心が強く神経質で、自分の本心を悟られないように愛想よく振る舞っているみたい。その反面、おだてに乗りやすいお人よし。いったん信用した人に対しては疑うこともなく、コロッと騙される危険性があります。自分の考え方で万全だと過信すると、大ケガをするので要注意！多芸多才で活動的なので、毎日が多忙なおてんば娘。単独行動に気をつけて、自分の考えを過信し過ぎなければ、何事も成功するはずです。,1,あなたはえらそうに威張っている人は好みではない。親しみの持てる優しい感覚を持った猿の彼とふとしたきっかけで恋に落ちる。相性もいい。,3,お人よしのところがあるあなたを守ってくれるのは、正義感が強い黒ひょう。見捨てておかずに守ってくれ、親友と呼べる関係になるはず。,11,気紛れ屋のあなたにとり、しっかり者の狼ならお互いに信頼し合える。何にでもすぐに感激してしまうあなたを冷静な狼がサポートしてくれる。
22,m,キミは、おおらかで大胆で、落ち着きのある人。でも、時々見せる純情で恥ずかしがり屋なところも魅力的です。お人よしなキミは、ついつい頼み事を引き受けてしまいがちだけど、相手の出方次第で自分の対応を決めるテクニックの持ち主。人と仲良くやるのがモットーですが、感受性が強いので人の好き嫌いが激しいところもあります。しかし、面倒見のいい親分肌で、周りの人に細かい気配りの出来るリーダー的存在！そんな二面性がキミの個性となって、人をひきつけるみたい。おかげで、いつも驚くほどの人達が集まり、豊富な人脈を持っています。,4,優雅で大胆な雰囲気を持つあなたに、ピッタリなのがライオンの彼女。ただ、共に派手な生活に憧れるので思いのままには過ごさない方が。,9,鋭い感性で生きているあなたは、けっこう世話好き出もあり、ひつじと相性がいい。あなたの個人プレーが見事に調和。,1,せっかくのビジネス・センスも、時に気まぐれが邪魔をして結果が出ないことがある。猿のパートナーがいれば、思う存分、力を発揮できる。
22,f,一見とっつきにくく見えるあなたは、実はとっても人当たりがいい人です。気を許した相手には、とってもざっくばらんで親しみやすく、内面は理想を追いかける情熱家。しかし、その反面冷静な計算と知性を秘めていて駆け引きもお手のもの。男勝りで勝ち気な性格です。直感や気分、感性を頼りに生きているので、現実的なことにはチョットうといかも。遥か彼方で生きているような感じです。物事を作るプロセスが好きで、完成するまでわき目もふらないけど、完成してしまうと興味なし。好きな業種で一匹狼として飛び回るとイキイキして力を発揮します。,11,高い理想を掲げているが恋愛には自由を求めるあなたにとり、狼の彼はデリケートな感性を持っていて、理解を示してくれる最高の恋の相手。,3,鋭い観察眼を持った黒ひょうとは妙に気が合う。どちらかというとあなたの方が姉御的にかわいがるという関係になるが、長く付き合える。,2,仕事で共鳴できる部分が多く、相性もまずまず。ただ、あまりプライベートには立ち入ってはいけない。せっかくの関係にひびが入る危険性が。
23,m,キミは、石橋を叩きすぎて出遅れてしまうことがあるくらいの慎重派タイプ。心優しく、セコセコしたところがありません。でも、何かを始めたら根気よくやり通し、何でも器用にこなすため、人受けはバツグン！気弱で恥ずかしがり屋のところも、人間的な魅力につながっているみたい。また、自分の置かれた状況の中で、最も有利な立場を見極め、相手に合わせて駆け引きする力を持った人。自分の味方を獲得する方法には驚くべきものがあります。人生の流れに逆らわず着実な努力を重ねていけば、次第に運気が開けてくる強い運勢の持ち主です！,5,恋愛でも受身のあなたには、積極的な虎の彼女がいい。なんでもテキパキとこなす虎は、あなたにとって必要不可欠。頼ってしまうのがいい。,11,控えめで思っていることを口に出せないあなたの気持ちを察してくれるのは狼だけ。しっかり者でずばずばものを言える狼ならなぜか気が合う。,2,職場でもみんなの潤滑油的な役割を演じているあなたに取り、チータならグイグイと引っ張ってくれるので、不思議な調和がとれる。相性は上々。
23,f,あなたは細かい心遣いを忘れず、人に優しく尽くせる女性です。友達も多く、人付き合いも長いのだけど、寂しがり屋でチョット自立心に欠けているみたい。新しい環境にもすぐに順応でき、特に知識的な部分は覚えが早く、やる気になればなるほど早く上達できます。ただし、環境に左右されやすいため、幸福な時とダメな時が交互にやってくるという波瀾万丈になる暗示も・・・。でも、内面的には頑固な面があるので、イザとなったら持ち前の精神的な強さで乗り切るパワーの持ち主！意外なほどの押しの強さと粘りで、成果をあげられるタイプです。,2,何事にも慎重なあなたにとり、積極的なチータは頼もしい存在。ふさぎがちなあなたの気持ちを、チータは持ち前のプラス思考で明るくする。,11,時間をかけ友情を深めていくあなたには、一見とっつきにくいが心を開いた後は裏表のない対応をしてくれる狼が最高。安心して一緒ににいられる。,9,同じひつじだから、考えも似ていて仕事はとても楽。ただし、お互いに噂話や世間話が好きなので、ビジネスとプライベートの区別はしっかりと。
24,m,マイペースに我が道を行くキミは、他人にペースを乱されるのが大嫌い！でも親切で細やかな心配りができるとっても思いやりのある人です。サッパリとした人付き合いもできるし、ユーモアセンスがあるキミは周囲からの評判は上々。ちょっとこだわり過ぎて、融通のきかない頑固者だけど、秩序を重んじ、抜けがけなどのウラワザは一切しません。トコトン筋を通すまっすぐなところがキミのいいところ！合理主義だけど人間的にクールではなく、実はお人よしな面もアリ。強運の持ち主なので、自信を持って思い通りの人生を駆け抜けるべし！,8,何事にも自分流を貫くあなたは、べたべたした関係を望まない。自由を愛し束縛することを好まないゾウの彼女は、最高のパートナーになる。,4,他人には厳しいライオンも、何故かあなたには従順。ただ、一度ぶつかり合うと激しく対立する危険もあるので、適当な距離感は必要。,12,プライベートだとうまくいかない関係だが、ビジネス上では良い関係。何かと気を配ってくれるこじかが、利益をあげるためには好都合な存在に。
24,f,あなたはサッパリとしていて、飾り気のないチャーミングな女の子。人見知りをせずマイペースなので、誰の前でも自分の個性を発揮できるタイプです。また頭が良く、人の意見にも左右されず、物事を客観的な目で判断することができる人です。一度決めたことには時間がかかっても最後までやり抜くガンバリ屋さん。ただ、こよなく一人の時間を愛するために他人との付き合いに一線を引いてしまいがち。あんまり自由を大切にしすぎると孤独になってしまうので気をつけたほうがいいかも。それでも、あなたの純粋さにひかれる人はいっぱいいます！,3,自分の気持ちを優先し簡単に妥協しないあなたには、ハッキリと自己主張もでき頼りにもなる黒ひょう。そのスマートさに夢中になってしまう。,9,知的な人でないと興味がわかないあなたには、情報通のひつじは、最高の情報源、あなたの本来の素晴らしさを理解してくれ、とても良い関係に。,7,仕事上では波のある貴方をしっかりとサポートしてくれる子守熊がいれば、相性もよくテンポも合うので、ビジネスの効率は間違いなく上がる。
25,m,キミは、誇り高く孤高の精神を持っているので、親しみを感じさせないところがあります。ホントは明るく天真爛漫なのに、クールな印象を与えがち。壁を作ったり、そっけ無くしているつもりはなくても、他人から見るとちょっと近寄りがたい雰囲気を持っているみたい。素直で正義感が強いせいか、ズケズケ物を言いすぎて相手を傷つけてしまうこともあるので要注意！ホントは義理堅く、面倒見がよく、人に尽くすことが大好きなキミ。頼まれると断ることが出来ずに何でも引き受けてしまい、利用されちゃうこともあるので気をつけるべし！,8,比較的地味で、常識を優先するあなたには、少し派手めのゾウの彼女。人にかまわれるのが苦手なので、わりと放っておいてくれるから楽。,5,本音で語ることができる関係で何でもハッキリ言い合える。周りから見るとけんかをしているようだが、お互い全くきにせず不思議と相性がいい。,2,仕事になると、評論家的な辛口の人柄が出るあなたを理解してくれ、前向きにとらえてくれるチータなら、一緒に働いても、安心でお互いに任せられる。
25,f,あなたは、少女のようなあどけなさが魅力の、とっても素直な女性。でもちょっと正直すぎる面があり、思ったことをすぐ口に出してしまうため「こまったちゃん」と思われがち。周囲の目をまったく気にせず、自分の生き方を守っていくタイプで、何よりも今の現実の世界を重視します。やや要領が悪く、損をすることもありがちですが、苦労をものともしない強さの持ち主！楽観的なあなたは、ストレスがたまらないトクな性格です。一見クールに見えるけど、ホントはとっても親切で人の面倒をよく見る優しさを持っている人です。,3,恋愛には純情で不器用な貴方をスマートにリードしてくれる黒ひょうは、優しく穏やかな心で大きく包み込んでくれるので、頼れる恋人となる。,7,楽天的で一匹狼の貴方を器用にサポートするのは、明るく元気な子守熊。お互いにしっかりとした人生観を持っていて、気が合うしうまくいく。,11,周りを気にせず自分の世界を大切にする狼同士が殻、呼吸はバッチリ。キャリアウーマンを目指す貴方にとって、数少ない気の許せる仲間。
26,m,キミは人懐っこく、細かやかな心遣いができる人。性格は地味で堅実、バランスのとれた人付き合いをします。世の中の流れに乗り遅れないように様々な情報を収集に努める努力家。あらゆる分野の知識が豊富なオールマイティな人物です。知識が知的な趣味へと広がり、人間的な魅力につながっているみたい。ただし、好奇心を刺激されたことには全力で尽くすけれど、執着できないタイプなので長期計画にじっくり取り組むのはチョット苦手。でも、内面は負けず嫌いで自信家のプライドがあるので、思ったことをやり抜く強さを身につければ大丈夫です！,7,誰とでも仲良くしたいあなたは、友達以上恋人以下の関係が多いが、その中でも気の合うのが子守熊の彼女。長い時間かけて愛をはぐくむ関係。,1,いつも安全運転で人生を過ごすあなたには、警戒心を取り除いてくれる猿の友人。細かく気配りしてくれて、ストレスもなくなる気の許せる関係。,2,悲観的な観測を優先させるあなたには、何でも楽観的に捉えるチータは頼もしい存在。二人の性格を足して二で割ると理想という、補完する関係。
26,f, 情緒的な雰囲気の中に、女性らしい色気を持っている人。人前で、はにかんだりしない社交家で、外見ほどロマンチストではなく現実派タイプ。母性本能が強く、迷っている人を放っておけず、ついつい手を差し伸べてしまいます。優しさも度が過ぎると、お節介とか口うるさい人と思われるので要注意！また、多くの情報を集めて客観的に物事を判断する能力はバツグン。意志が非常に強く、粘りもある気丈な人です。集団の輪を乱す人が大嫌いで、自分も強い個性を出さず、人に合わせることが得意。助け合いの精神を大切にする女性です。  ,8,恋愛にも積極的になれないあなたには、　強気で押しの一手のゾウの彼。相手の幸せを優先させて考えるので、ゾウの心を射止めることになる。,11,話好きのあなたには、話を根気よく聞いてくれる狼がいい。悲観的なあなたを楽観的に批評しているので、気が楽になりストレスもなくなる。,9,"何かと相談に乗ってくれるひつじは、職場のなかでのよき理解者。時には愚痴やぼやきにも付き合ってくれ、プライベートでも付き合える関係。"
27,m,キミは近寄りがたい雰囲気と気安さを兼ね備えているので、女の子からは人気があるタイプ。大らかで細かいことにはこだわらない人間味あふれた性格です。でも、大ざっぱだけでなく、行き届いた気遣いをみせるので、そばにいると安心できる存在としてかなり評判高し！細やかな神経に見合った感受性と創造力はバツグン。何をしても、平均以上の素晴らしい才能を持っています。ただ、難点は最後のツメが甘いこと。せっかくの成果を逃がしてしまうこともありがち。自分の中にあるムラを自覚し、粘りを身につけると運気が好転すること間違いありません。,12,外では強がっているが内面は寂しがり屋のあなたにピッタリなのが、こじかの彼女。肉体よりも精神的な絆を求めるので、綺麗な心に惹かれる。,9,気分屋のあなたを気遣ってくれるのは、ひつじ。あなたの鋭い感性にひつじの社交性が加わると、最強のコンビになる。長く親友でいられる。,6,短期決戦には強いあなただが、粘りが無いので長期戦には向かない。たぬきならば、じっくり構えてくれて、精神的にもサポートしてくれる。
27,f,あなたは、周りへの細かな気遣いができる感情豊かな人です。でも、本当は男勝りで勝ち気な性格。あまりにも強烈な個性なので、あなたを好む人と苦手な人にハッキリ分かれてしまうみたい。気分にムラがあり、現実的なことには興味を示さないことも多いようです。華やかさを求めながら、それを嫌う矛盾に悩まされている面もアリ。対人面では警戒心が強くカンもいいので、失敗することは少ないほうです。情熱的で興奮しやすく、思い込みが激しいので、波乱に満ちた生涯を送りがち。成功する人と、道を外れてしまう人と大きく分かれるのも特徴です。,3,恋愛もイメージを優先させるあなたは、センスがない人は、センスがない人は受け付けない。そんな心を射止めるのは、旅行に敏感でおしゃれな黒ひょうの彼。,5,繊細な神経の持ち主のあなたのベストパートナーは、物事に動じないしっかりした考えを持った虎。頼りがいもあり、友人としての相性も最高。,1,お互いに短期決戦に勝負強さを発揮するので、相性もばっちり。多少イケイケでフォローにまで気が回らないので、詰めを忘れないように。
28,m,一本気で素直、とてもサッパリとした性格のキミ。正直者で正義感が強いので、卑怯なことは大嫌い。人を思いやれる優しい人で、他人の苦労まで背負い込んでしまうところが周囲の人から愛されているようです。正直なので駆け引きは苦手なうえ、要領も悪い方。でも、そんな不器用なところもキミの魅力。また、責任感が強く頼りがいのある人ですが、同じことの繰り返しにガマンが出来ない飽きっぽくせっかちな面もあります。順応性や行動力に恵まれているので、その能力をうまく生かすことが成功への秘訣です！,12,あなたは情熱で、マインドをとても大切にする。そんなあたなにピッタリの相性が、こじかの彼女。ゆっくりと時間をかけて愛を育てる。,9,お互いに人を思いやる優しい個性の持ち主で、相性はグッド。あなたの理想主義者としての一面を、現実主義者のひつじが補ってくれる。,1,きっちりと物事を進めていくことが苦手なあなたには、計画的に一つずつ着実に処理していく猿は離すことのできない究極のビジネスパートナー。
28,f,元気でおてんば、情にもろくお人好しなあなた。皮肉屋で批判好きですが、すぐにポロッと涙を流してしまう面も。意地っ張りだけど、根気がなく飽きっぽく、典型的な下町気質。また、マメで献身的な部分もあり、態度には一貫性がありません。また、放っておいても目立つ人なので、いつも輪の中心人物になっているという才能があります。あなたのチャキチャキした行動も、人々の注目を集めているみたい。ただ、壁にぶつかると身動きができなくなり、自暴自棄になり暴走しがちなので要注意です。自制心を持つように心がけましょう。,7,打算や計算のできないあなたは、恋愛でも同じ。そんなあなたにピッタリなのは、しっかり者できちんと計算のできる子守熊の彼。行動力は魅力。,3,結構心配性のあなたを前向きに引っ張ってくれる黒ひょうは、友達に最高。傷つきやすい本性を理解してくれて、腹を割った付き合いができる。,1,基本的な相性は最高で、ビジネス上の関係も良好。あなたの方がどちらかというと猿にうまく使われる感じだが、かえってそれが結果を生む。
29,m,孤立を嫌い、集団の中で生きることで安心するキミ。周りのみんなと同じような生き方をして、お互いに助け合うことを望んでおり、個性的な生き方はチョット苦手みたい。また、人と一定の距離を保ち、相手を立てながらその心理を見抜く天才です。いつの間にか自分のペースに持っていく駆け引きも大得意。博識で、次々情報を提供してくれます。特に世の中の動きにはとっても敏感。ただ、結論を時の流れに任せる傾向アリ。何かを始める時には責任を負うくらいの気構えと、しっかりと決断力を下すようにすれば、成功率がアップするはず！,1,雰囲気を大切にし人間関係に気を配るあなたは、本当は気を配ってもらいたい。そんな気持ちや今何をしてほしいのかを敏感に察知できるのは猿。,6,いつも周りの雰囲気を考えるあなたには、冷静に物事を判断するたぬき。人間関係に気を配りすぎ自分を見失いがちで、肩の力を抜ける友は大切。,2,情報の収集や分析を得意とするあなたに欠けているのは、がむしゃらに推し進めていくチータ的役割。チータとひつじがペアを組むと最強の組織。
29,f,あなたは、しっかりと自分というものを持った人です。しかも、知的で聡明で人当たりもとっても穏やか、積極的に自分を主張することはないタイプ。でも、社交的で謙虚な態度の中に自分の核となるものがあります。かなりの情報通で、客観的に物事を見極める目は、超優れモノ！無駄のない合理的な計画の立案で、自分の腕を発揮します。アネゴ肌な部分が顔をだすと、大変な仕事を一人で抱え込んでしまい、苦労する傾向アリ。負けん気もけっこう強く、他人には絶対に弱点を見せません。また、人生において、金銭的に困ることはないタイプです。,6,あなたの母性本能をくすぐるのは甘え上手のたぬき。厳しい観察力と批判精神を持っていて簡単には恋に落ちないが、一度心を許すともろい。,9,同じ人生観を持ったひつじ同士なら、友人としてはうまくやっていけそう。至れり尽くせりの友人関係が誰の目にもうらやましく映るはず。,12,組織の和を大切にするあなたにとり、こじかはよき理解者であり協力者。公私にわたって親密な交際が可能で、とても良好な関係を築くことに。
30,m,キミは知的で堂々とした人物。ちょっと気取った態度や服装をするので、第一印象はとっつきにくい感じがするみたい。でもホントは素直で正直な裏表のない性格で、付き合っていくほどにドンドン好感度がアップ！一見夢見がちな空想主義に見えるけど、自分の目標に向かって、現実とのバランスを取りながら粘り強く努力をするタイプです。学んだ経験はしっかり身につけ、それを政治的に利用する術まで持っています。また、頼ってくる人を放っておけないから、利用されてしまうこともありがち。でもキミは自然に運が集まる強運の持ち主です！,2,神経質なあなたは細かいことに気を配りすぎるので、恋愛では苦労氏がち。おおらかな性格のチータなら安らぎを与えてくれるのでピッタリ。,10,お互いに周りのことは基本的にはどうでもいいので、自由な生活にあこがれる。そんなところもこの二人が気が合う要因なのかもしれない。,3,多少意見が衝突することもあるが、仕事の上での相性は悪くない、助け合えることができたら、非常に効率のいい仕事ができるパートナーに。
30,f,あなたは親切でお人よしで、利害関係を抜きにして人と付き合う性格。しかも美人で気さくで明るいから、みんなの人気者！物事の判断は冷静で客観的、自分の思ったことはズバリと言える人です。自分の考え方が確立していて、誰にも頼らず問題を解決しようとするので、人によっては「しっかりし過ぎ」と思われることもありがち。また、経済観念が発達しているので貯蓄能力はバツグン。投資などをしてみてはいかが？ただ、あまりにも変化を求める性格のせいで、歳をとると不安定な生活を送るかも。堅実な人生設計を心がけましょう！,9,一匹狼のあなたも、ひつじの彼の一生懸命で献身的な愛には弱い。みんなに好かれるその社交性に暖かさを感じて、ゆっくりと愛は育っていく。,12,こじかの純真無垢な所は、相手に合わせて駆け引きをすることを嫌う貴方の姿勢に似ているので、ざっくばらんに付き合え親友になれる。,8,個性的には全く違うタイプの二人だが、それがかえって仕事の上では生きてくる。職人肌のゾウと独自性を求める狼の組み合わせの妙が運を呼ぶ。
31,m,ひたむきで人から好かれるキミは、真面目で明るく、少々粗削りなところが魅力的な人です。怠慢さが大嫌いで、一生懸命に頑張って努力することがモットーの努力至上主義者！実力でその分野の専門家になり、ひとつのことを掘り下げていくタイプです。常に目標を持って生きていて、妥協は絶対に許しません。自分にも厳しく弱音を吐かない分、他人にも同じものを求めるため、窮屈に思われがち。他人は他人と割り切る考えを持つことが必要なのでは？持ち前の親分肌を発揮して、どれだけ周囲と強調できるかが、成功のカギです。  ,12,女性に優しいあなたは、ピンと来てかわいいこじかに一目惚れしてしまうかも。敵も見方も多いあなたにとり、こじかは人生のよき理解者に。,11,しっかりした信念を持つあなたは、独自の人生観を持った狼に強く惹かれる。何か尊敬できる面がないと全幅の信頼を置けないあなたの良き友人。,5,仕事には厳しいあなたを、虎はよく見ていて高く評価してくれる。うまく意気投合すると、深く長い付き合いに発展し大成功する可能性もある。
31,f,あなたは飾り気がなく男勝りな性格なので、頑固にも思えるくらいに、しっかりとした女性です。自分らしい雰囲気作りが得意で、知らない間に周囲の人を自分のペースに巻き込むことが上手。集団の中のペースメーカー的存在です。また、極めて奉仕的な人で、他人に喜ばれることが自分の喜びと、自然に思ってしまうようです。とても行動力があるので、仕事熱心でテキパキとよく働きます。オフの日も精力的に走り回っていることが多いみたい。あなたの純粋な心と着実な行動が信頼を得て、多くの人に認められる人です。,11,個性的な人にあこがれるあなたにとり、狼は好みのうるさいあなたのメガネにかなう最高の相性。独自の生き方を好むので他人には理解しにくい。,4,お互いに切磋琢磨できる関係で、良い意味でのライバルとなれる。多くを語らなくても何となく理解しあえる間柄。たまにけんかもするのがいい。,3,仕事に迅速こなしていくあなたは、黒ひょうと仕事上での相性がバッチリ。お互いにスピード感のない人とは付き合えないし、意見も合う。
32,m,キミは温和で控えめ、いつも人に気を遣う気配り人間。子供のようなピュアな心で、人情に厚く律義で誠実な性格を持っています。そして何と言っても正義感の強さとサッパリとした気性がキミの最大の魅力！しかも、順応性があって、どんな状況にも合わせられるたくましさを持っています。ただ、サービス精神が旺盛で楽天的なキミは、人から何かを頼まれると決してイヤとは言えず、思いがけないリスクを背負うこともありがち。頼まれ事には慎重に対処しましょう。キミは本来、人を見抜くスルドイ洞察力を持っているので、その目を磨けば問題ナシ！ ,2,行動範囲の限られている貴方は、何にでも果敢に挑戦していくチータの現代っ子の所に、強く惹かれる。好奇心を満たしてくれるので楽しくなる。,9,人柄を大切にするあなたは好き嫌いが激しく、誰とでも親しくなれるわけではない。交友関係も限られているので、社交的なひつじは頼りになる。,10,不思議と相性が良く、お互いの考えていることが以心伝心で伝わる。気配り上手なあなたをペガサスは引き立ててくれ、とても可愛がってくれる。
32,f,あなたは、おっとりとしていて場をなごませる雰囲気を持っている女の子です。おとなしく口数も少ない方で、空想の世界で遊ぶのが大好き。そのため実生活の対応はちょっと苦手です。精神的な分野に興味を持つ人が多く、宗教や哲学、ＵＦＯから科学的なものまで関心があります。自分の世界を大切にするから、他人に内面を見せないようにするところも。でも、あまり欲がないから他人に合わせるのも上手。子供みたいなあなたは、人から恨まれたり敵を作ったりしない得なタイプです。あなたの多少のワガママや気まぐれもチャームポイント！  ,11,最初は、とっつきにくい狼だが、裏表のない対応であなたの心をつかんでいく。深い愛情を傾けてくれるので、時間はかかるが離れられない関係に。,3,内心を簡単には明かさない貴方を、上手にリードしてくれるのは黒ひょう。時間がたつにつれて、何でも話せる無二の親友にまで発展する。,8,おっとり型のあなたにとって、バリバリと仕事をこなすゾウは別世界の人。でも放っておけないゾウは、何かと貴方の面倒をみてくれる。
33,m,見かけは、明るく素朴な感じを装っているキミ。でも内心は洞察力や直感力に優れ、常にトップを狙う姿勢を崩さない勝負師。夢の現実に向け一直線に走っていく一本気な人でもあります。今はダメでも、最終ゴールではヒーローになりたいと願っているのでは？人を引っ張っていく率先的リーダーになれるタイプだけど、損得計算が優先してしまわないように。人を利用しようというしたたかな気持ちが起きやすいので要注意です。広い心を持って、損を覚悟で弱い立場の人にも尽くすような態度を養ってこそ男！あとは根気と慎重さを身に付けるべし。,3,慎重派のあなたは、友達から自然に恋に発展していく。おしゃれな黒ひょうはあなた好みだから、持ち前の粘り強さで彼女のハートを射止める。,4,人前では決して弱音をはかないライオンだが、相性が良いせいか、あなたの前では素直になる。疑り深いあなたもつい心を許してしまうはず。,9,対人関係では全方位外交が不得意で、偏った付き合いになりがちなあなたには、ひつじのフォローは不可欠。人付き合いで学ぶところも大きい。
33,f,あなたは、明るく快活で、女らしい甘さを漂わせる女性。しかし芯はとっても強く、男勝りで勝ち気さも備えています。熱しやすく冷めやすいたちで、理屈よりも感覚を大事にし、思いたったら即行動にでるタイプ。ただ、でしゃばることが嫌いなため、せっかくの良い感性を発揮せずに終わることもありがち。行動力もあるのに、人からとりとめのない人だと思われがちなのはそのせいかも。でも、涙モロく、他人に頼まれるとイヤとは言えない人情あふれるお人よしな面もあります。,5,内心は強いものをもっているあなたは、弱々しい男性は苦手。悠然とした雰囲気を持った落ち着きのある虎は、そんなあなたの理想像の彼。,1,友達に持つなら猿が最適。テキパキと行動する猿は、あなたと価値観も同じで、意見もよく合う。コンビを組んだら最高だし、長続きもする。,11,理屈より完成を優先させるあなたと最高に合うのが、同じ気質を持った狼。お互いに負けん気が強いので、競争意識良い意味で作用する。
34,m,キミは口ベタなので、人と上手に話すきっかけをつかむのが苦手です。だから一定の距離をおいているように見られがち。ホントは堅苦しい挨拶が嫌いで、ざっくばらんな付き合いを望んでいます。偏屈ではないので、じっくり付き合えばキミの知的とユーモア感覚あふれる性格が分かってもらえるハズ。争いごとを好まず、意味もなく他人の意見に逆らったり波風を立てたりしない穏やかなキミ。時には自分を犠牲にしてまでも人に尽くす人です。だから自然にいい人脈が生まれ、中心的存在として頼られることに。大器晩成型なので、じっくり構えるべし。,10,堅苦しい雰囲気が嫌いなあなたには、いつも自由で枠にとらわれないペガサスが最高。でもあなたの世話好きが度を越すと、窮屈に思われる。,4,一見何の接点もないような二人だが、信頼感を持った付き合いができる関係。いつも強気のライオンも、なぜかあなたの言うことは聞いてしまう。,7,攻めのあなたと守りの子守熊の組み合わせは、理想的ともいえる。あなたの気短なところを子守熊が補ってくれる関係で、失敗をフォローし合う。
34,f,スラリとした外見、そしてテキパキと動く個性派美人のあなた。社交性もあって行き届いた性格だが、ちょっと神経質なことろもあります。だから取り越し苦労も多く、何かあったらといつもオロオロしてしまいがち。もう少し大らかに構えても大丈夫。よっぽどのことがない限り放っておこうという気構えが大事です。多少そそっかしい所もありますが、頭が良くてどんなこともすぐ理解できる人。また、現実にとらわれずに夢を追いかけるパワーも持っています。そんなところがあなたの魅力を増し、自然と人をひきつけるカリスマ的な存在になれるハズ！,9,気に入った相手にはとことん尽くしてしまうのは、あなたもひつじも同じ。ひつじは尽くされると必ず尽くし返すので、関係が冷えることはない。,10,熱しやすくさめやすいあなたとペガサスは、似た所もあるがおたがいに理解し合える。いつも気分転換の必要なあなたに、一緒の時間はオアシス。,1,同じマスコットなので、理解するのに時間はかからず、友人のようなビジネスパートナーに。ただライバル関係になると関係にひびが入るので注意。
35,m,あなたの最大の魅力はなんと言っても、ピュアな心と他人に媚びたりしない潔さ。人に対して温かく愛情深く接する優しい人です。いつも知的で落ち着いていますが、バツグンのユーモア感覚を持っています。しかも多才で器用で話も上手。どんな状況でも夢や希望の実現を目指して、ひょうひょうと世の中を渡っていくタイプです。ただ、自分自身を見つけるのにちょっと時間がかかってしまうので、他人にはなかなか理解されない面もありがち…。でも、世間の評判や習慣にこだわらないで、自分を信じてあなたのペースでゆっくり歩いていって大丈夫！,7,表面的には感情をあらわにしないが好き嫌いの激しいあなたには、子守熊の彼女。子守熊の恋人への態度には献身的なものがあり、本気で好きに。,2,人間関係はすべて人柄重視のあなたは、イケイケだがお人好しの面のあるチータと気が合う。悲観的な愚痴もプラス思考で受け止めてくれる。,10,自由人でありながらわりと淋しがり屋のペガサスには、仕事の帰りなどに気楽にお茶や食事に誘ってくれる、ひつじのあなたの好意が嬉しい。
35,f,どことなく落ち着いていて、自信を感じさせるあなた。少々のことでは諦めない強さを持っている人です。しっかりしているので、無駄のない合理的な計画を立て、ここぞという時に力を発揮するタイプ。多くの情報を集め、客観的な判断をしますが、自分なりの価値観を持っています。どんな人に対しても、まずはその人の価値観を認め、信じることから付き合うタイプ。世話好きなので、頼まれるとイヤとは言えない性格で、世のため人のために生きたい正義感あふれる情熱家です。助け合うことを幸せと感じる、優しいボランティア精神の持ち主です。,10,細かなことにこだわらないペガサスは、ひつじにとってかけがえのない存在。気分屋の所もあるが、あなたと呼吸が合っていて相手はグッド。,11,誰にでも合わせられる社交上手のあなたがが、心の中ではしっかりと好き嫌いを分けている。そんなあなたの信頼を勝ち取るのは裏表ない狼。,5,仕事を頼まれると断れないあなたは、いつも仕事を抱えすぎる。虎と組むと、上手に仕事を振り分けてくれ、ダメなものは断ってくれる。
36,m,キミは人あたりが柔らかで、穏やかで優しい心の持ち主です。でも感情をあんまり表に出さないので、一見堅苦しい人に見られがち。デリケートだから、対人関係は得意じゃないけど、たまには感情ぶつけることもコニュニケーションのひとつと考えるべし。相手の考えていることが理解できるので、駆け引きは大得意。何があっても動じない落ち着きのあるキミは、いつも年齢よりも上に見られてしまいます。また、自分の利害を考える客観的な面もあるが、義理人情に厚く、頼ってくる人を拒めない性格。ほどほどにしないと損することもあるかも。,8,優しさと思いやりで情勢に接する貴方は、性格的に多少気弱なところがある、ゾウと合う。逆に彼女のパワーがあなたを後押しすることもある。,12,一見堅苦しい印象の貴方も、親しくなると本来の人懐っこさが顔をのぞかせる。こじかは何かと面倒をみてくれ世話を焼いてくれるので大助かり。,3,仕事の要領が必ずしも良くないあなたにとり、段取りと仕切りの名人である黒ひょうは最高の関係。あなたが補佐する立場なら能力を発揮できる。
36,f,あなたの最大の魅力はなんと言っても、ピュアな心と他人に媚びたりしない潔さ。人に対して温かく愛情深く接する優しい人です。いつも知的で落ち着いていますが、バツグンのユーモア感覚を持っています。しかも多才で器用で話も上手。どんな状況でも夢や希望の実現を目指して、ひょうひょうと世の中を渡っていくタイプです。ただ、自分自身を見つけるのにちょっと時間がかかってしまうので、他人にはなかなか理解されない面もありがち…。でも、世間の評判や習慣にこだわらないで、自分を信じてあなたのペースでゆっくり歩いていって大丈夫！,2,独占欲の強い貴方をハラハラさせるのは、目立ちたがりのチータ。自分のほうだけ向いていて欲しいのに、横目で異性を見ているので気になる。,11,同じマスコットで、つかず離れ図のいい関係となる。お互いにべたべたとした関係を嫌うので、さっぱりとした友人関係を末永く築いていける。,8,女性に優しくない人を軽蔑するあなたにとり、レディファーストのゾウは仕事の上でも何かと気を配ってくれるので、パートナーとして不可欠。
37,m,キミは、きめ細かやかな気配りがあり、親切で折り目正しい人。上品さと優しさを合わせ持っています。チョット持続力や忍耐力に欠ける面がありますが、非常に教養人で妥協を許さない完璧主義者。責任感があるので、約束はキチンと守るし、何をやっても成功する人です。多少のことでは動じない器の大きさも、キミの魅力。ただ、根回しや組織化などは苦手で、独立独歩型です。欲のないクリーンなイメージで、人の良さがジワジワにじみ出てくるタイプ。外見は男らしいけど、意外と温和でデリケートな部分も見え隠れするので、女性からも大人気です！　,3,精神的な絆を大切にするあなたは、黒ひょうの細やかな対応に弱い。愛され充実した満足感に満たされる。相性もいいので、この関係は長く続く。,11,お節介が嫌いなあなたにとり、ぶっきらぼうに対応してくれる狼は気を使わない関係でとても楽。深くは無いがさっぱりした友人関係が続く。,5,仕事に関しては口うるさいあなたも、有限実行の虎は信頼の置ける頼もしい存在。プロジェクト単位でのパートナーとして実力を発揮する。
37,f,あなたは、見るからに行動力も表現力も活発で、サバサバした性格。容姿端麗の美人が多いタイプです。色気もあるのに男性にこびたりしないので、同性にとっても憧れの存在。何に対しても迷う事なく思いきりがよく行動し、たとえ失敗したってグズグズ悔やんだりしません。サッと切り替えて次の方法を探しだす、度胸の座った人。直感力にはチョット乏しいけど、根気や忍耐力はバツグン！どんな環境においても、まっしぐらに生きていくパワーの持ち主です。,1,明るく積極的な男性を好むあなたにふさわしいマスコットは、いつも生き生きしている猿の彼。痒いところに手が届く感じでまさにあうんの呼吸。,3,複雑な人間関係が不得手なあなたは、黒ひょうの人情味あふれる対人対応にずいぶんと助けられる。友人としての相性も申し分ないので大切に。,5,仕事に燃える虎のサポート役にあなたが回れば、お互いの長所を伸ばし合うことになる。ただ、関係はビジネス上にとどめておいた方が無難。
38,m,好奇心旺盛で、子供のようにはしゃぐキミの魅力は独特の感性。また、人あたりが良くて腰が低いから誰からも好かれるタイプです。でもホントはプライドが高く、頑固で簡単には妥協しない信念の持ち主。メンツにこだわり、ちょっとのことでは後にはひきません。好奇心は旺盛で純粋だけど、気分屋なキミ。好き嫌いは激しく、人の好みにも強い個性を出し、けじめにもうるさい面もあり。親切な人情家と思えば、クールな目で周囲を見渡しているようなところもあったりという、二面性の持ち主です。そんなキミの態度に周囲はちょっと戸惑いがち！,7,人情家のあなたは気分に左右されることが多いが、普段はおとなしい性格で実は社交性がある子守熊の彼女とは気が合うし、長続きもする。,8,傷つきやすい一面を持っているので、友人には優れた感性を秘めたゾウが最適。どんな時でも温かく見守り、いざと言うときもかばってくれる。,2,多少引っ込み思案のところがあるあなたに、チャレンジャー気質のチータは仕事上のパートナーとして申し分ない。いい方向に引っ張ってくれる。
38,f,つかみどころがなく、ミステリアスな魅力で人をひきつけるオーラが抜群なあなた。色気があり、謎めいた雰囲気で男の子達からは、憧れのマドンナ的存在。でも女の子達からは、嫌われるタイプみたい。内面には本能的な警戒心が人見知りとなっていますが、常に愛情を受けていたいと思っています。人生に対する情熱とシャイな部分が、いつも心の中で葛藤していながらも、うまくバランスを取っています。トレンドを追いかけるよりも、素朴で深みのあるものが好き。結婚しても、個性を生かした趣味を生きがいに出来る環境作りに心がけましょう！,7,行動力ある男性に憧れるので、サービス精神旺盛でひょうきん者の子守熊の彼なら最高。夢をおうあなたの良き現実的なアドバイザーにも,3,とても仲のよい二人で、異性の場合は恋人と勘違いされてしまいそう。いつも一緒にいても疲れない関係だが、恋愛感情には発展しにくい。,11,仕事を進める上で計画性に欠けるあなたをサポートしてくれるのは、きっちり計画通り行動する狼。ややぶっきら棒な所もあるが、それもいい。
39,m,穏やかでイヤミのないサッパリした性格のキミ。義理人情に厚く、人を裏切らないので、そんな律義さが人望を集めるもとになってるみたい。外見とは裏腹に、実は感受性が豊かで、物の見方に独特の個性を持っています。時に現実離れしたロマンチストになる傾向もアリ。内面的には短気で衝動的になりやすい面がありますが、そこはグッと自分を抑えます。交際上手で、相手にうまく合わせることが得意。組織の中では潤滑油的なポジションにつくと実力発揮します。中年期には波乱の暗示があるけど、それを乗り越えると運勢が安定するハズ！,11,長期的展望に立って物事を見るあなたは、恋愛に関しても長い目で見る。虚飾を嫌うあなたには、朴訥とした個性的な狼の彼女が向いている。,5,友情的な関係では虎との相性がいい。現実的な二人なので意見もよく合い何でも言い合えるフランクな付き合いができる。対等に付き合える。,3,陣頭指揮のとれる黒ひょうと、一歩下がった立場で物事を判断できるあなたのコンビネーションは抜群で、好結果を生む。役割分担を明確に。
39,f,あなたは、とっても正直な人で、感じた事をそのまま口にします。爽やかな雰囲気の中に淡い色気を漂っていて、独特なムードの持ち主。一見おとなしい印象ですが、付き合ううちに活発で元気のいい面がドンドンでてきます。また、苦労にも耐える信念を持っていて、創意工夫の精神が旺盛で、実行力も兼ね備えている人。まさに頭と体が一体になってパワーを発揮できる理想的なタイプ！変化に富んだ世界を好み、自らも周囲を変えていこうと努力する人です。孤独を嫌い、友達を大事にするので、いつも人の輪の中心にいるムードメーカー的存在！,5,恋愛間や結婚観など近いものを持っている二人なので、けんかもするけど後はけろっとしたもので尾を引かない。相性もいいので長く付き合える。,11,感覚的に物事を考えるあなたと狼は、友人としての相性が良く、ともに高め合える関係。ただ恋人に発展することは希なので、友情に限ること。,12,こじかのことが気になって仕方ないあなたは、何かと面倒を見てあげる。こじかもそんなあなたに応えようと一生懸命頑張る、そんな関係。
40,m,社交的で、人に対してカンペキな気遣いを見せるキミ。周囲の人とのトラブルを避けるために、自分の感情を表に出さず、合理的に割り切れる大人の人です。冷静な頭脳とスルドイ感受性を内に秘めていて、ほんの少しのことから相手の気持ちを的確に読み取れる能力の持ち主。独立心も旺盛で、タイミングを図りながら、自分の人生は自分で切り拓いていこうとする人。ただ、自分の能力に自信がありすぎて何事も人任せに出来ないところは、チョット注意が必要。また、キミはお金を儲けたりすることに才能があり、金運＆財運に恵まれています！,4,恋愛も勝ち負けにこだわるので、ライバルが出現すると猛烈に燃え上がる。ライオンの彼女はまめに尽くされると弱いので、あなたと恋に落ちる。,10,社交的な気遣いを第一とするあなたは、気ままなペガサスの操縦方法も心得ているので、主導権を取りながら友好関係を築くことができる。,3,黒ひょうには仕切られがちだが、努力しだいでいい関係を築き上げられる。お互いに攻めに強く守りに弱いので、一緒に強気の姿勢を貫くといい。
40,f,あなたは、明るくて屈折がなくサッパリした女の子です。いつもマメマメしく働き、家事を上手に切り盛りできるしっかり者。手先も器用で頭の回転もバツグン。また、責任感があり、細かいところにも良く気がつくので、人に頼ることなく成果を発揮できる人です。ただ、他人に対して警戒心が強く、時には競争心をメラメラ燃やしてしまうこともありがち。人は人と割り切った考え方をすることが大切です。自分のペースを守り過ぎてしまい、保守的な気持ちがチャンスを逃してしまうことも度々。ナチュラルに、力まず行動するのが一番です！,1,猿同士でとても相性がいいので、何でも気軽に相談できる友人のような恋人になる。意見の食い違いもないので、最高の付き合いができる。,4,強気のライオンも、あなたには心を許してしまう。普段は気取り屋でいるが、あなたとならざっくばらんな良い関係で長く付き合えることに。,7,守りに強い子守熊は、あなたの攻めの仕事のフォロー役としてピッタリ。仕事以外でも建設的な関係は続けられるが、利益を目指すときが最高。
41,m,温和な人柄の中にも、冷静で優れた直感力や洞察力のあるキミ。相手の心を読みとることも得意分野です。また、常に前向きで過去は過去と割り切れるタイプ。何事も経験重視の理屈っぽい面もあり。ただチョット執着心がなさすぎるかも？もう少し粘り強さを身につけて物事取り組むようにすれば、成功率はグンと上がります。野心のない人に見られがちだけど、権威に逆らわず活動のチャンスをジッと待っているだけ。やがては影の実力者になれる人です。典型的な大器晩成型なので、とにかく焦らずに、ゆっくりと実力を蓄えることが成功への道だ！,7,何事もじっくり型のあなたは、恋愛でも好きな人に素直に愛を告白できない。逆に子守熊は積極的だから、ゆっくり時間をかけて愛を育みたい。,4,友人としての相性はバッチリだが、ライオンに主導権を渡してしまったほうが楽に付き合える。経験主義のあなたとライオンは意外とうまくいく。,2,のんびり屋のあなたにとって、スピード感あふれるチータは最高のビジネスパートナー。仕事と割り切って付き合うことが長続きの秘訣となる。
41,f,柔らかな物腰と控えめな性格、あどけなく甘えん坊な雰囲気があなたの魅力です。人の言うことをしっかり聞き、何事も受け身になることが多いみたい。しかし、こんな外見や行動とは異なり、ホントは束縛を嫌い、勝手ワガママな行動が好きなハズ。いつも自分を抑えているところがあるのでストレスが溜まりやすいようです。また芸術的センスが抜群で、感受性が豊かなため気分屋のところがあり、こまごました事は苦手。中年以降は、精神的な世界への感心が強まり、人生観が大きく変化しそう。悟りをひらくには時間が必要だけど、焦らずゆっくり行こう！,1,細やかな気遣いを持った男性に惹かれるあなたには、　猿は相思相愛の素晴らしい相性。面倒くさがり屋でもあるので、気の利く猿はベストの存在。,12,お互いにあまり気を使わなくていい関係。あまり深く付き合うとプライベートな面に立ち入ることになるので、あっさりした付き合いを心がけて。,3,我慢強いあなたのビジネスパートナーとして、黒ひょうは何かとサポートしてくれる。心強い仕事仲間だが、公私にわたった付き合いができる。
42,m,きりっとしたルックスで、ハキハキとした態度が印象的なキミ。気も短く、動作もキビキビしていて、息をつく間もないくらい速効で結論を出すタイプです。頭がキレてマルチな才能を持ち、常に新しいものを求めるチャレンジャー。相手の心を見抜く鋭いカンがあり、教養あふれる発案ができるのも、キミの大きな武器になります。その一方で、人に頼まれるとイヤとは言えないお人よしな面もあり。その落差もキミの魅力のひとつです。また、楽天的で野心家であるキミは、世界中を飛び回るようなダイナミックな一生を送りたいと願っています。,12,夢と理想を掲げて生きているあなたは、恋愛には、恋愛には安らぎを求めるタイプ。細かく世話を焼いてくれるこじかの彼女なら最適。べったりしてしまう。,3,前向きな二人はとても気が合う。楽観的に物事を判断するので、お互いにブレーキ役になれないので注意も必用だが、思う存分付き合えばいい。,5,短期でぐずぐずしている人を極端に嫌うあなたにとって、仕事も優秀で冷静な分析もできる虎はよき理解者。補ないながら前向きに進んでいる。
42,f,頭の回転が速く、思ったことはサッと実行に移す行動的なタイプです。理想に向かって猛烈に突進していく炎の情熱家。大きな目標を決め、それを達成するまでは何度でもトライするチャレンジャーです。本能的なカンに優れており、仕事では高い評価を受けます。努力家だけど、自分の力を信じ過ぎると、我が強い人だと思われがち。また、人生の前半は金銭や物質的なものを求めるけど、半ばを過ぎるとだんだんと精神面の豊かさを大事にします。それが転機となって、あなたにゆとりを与えるハズ。,2,同じ性格で息もピッタリの二人。社会的な成功願望が強いので、夢を持っていない人とは付き合えない。ただ同じ夢だとうまくいかに事も。,12,いつもどこか背伸びしている感じで生きているあなたには、こじかの彼はホッとできるくつろぎのパートナー。いつも一緒にいても違和感がない。,11,何となく気になる存在で、お互いに関心を寄せている関係。積極性ある人としっかり者の組み合わせだから、仕事の上では最高のパートナー。
43,m,第一印象はどことなく、とっつきにくい感じをあたえるキミ。でも本人は人見知りをせず、悠然とした人物です。すべての人に誠心誠意を尽くす人格者。特に弱い立場の人を守って権力で立ち向かう博愛主義者でもあります。周囲にも同じ誠意を求め、それが出来ない相手をついつい口やかましく批評しがち。そのくせ、人から指示されることは大嫌い。デリケートな神経としっかりした知性で、客観的な判断が常に可能です。個性や独創性には乏しいものの、芸術面で豊かな感性があり、そのセンスを活かせることが出来ればさらに運勢が安定するハズ！ ,8,自分に対して強い信念を持っているあなたは、ひ弱な人には惹かれない。思い込んだら一途なところのあるゾウの彼女なら、力強くていい。,12,近寄りがたい威厳を持つあなたもこじかには弱く、何か力になってあげたいと思ってしまう。ついつい放っておくことができず手を差し伸べる。,7,仕事に対するスタンスが同じで、お互いにストレスを感じることなく協力し合える。ただ、仕事は仕事と割り切っているドライな付き合いだけ。
43,f,外見的にはサラリとした色気があり、ふと人を振り向かせるタイプ。また、マイペースで大らか、気さくでお人よしな性格です。みんなの面倒を見るのが好きで、明るい雰囲気を作るのが大得意。逆に、人に指図されたり、世話になったりすることは大嫌い！少女時代はおっとりとしていますが、大人になるにつれて個性が際立ち、包容力と度胸が身についてきます。合理的で冷静で、決して冒険はしませんが、自分の夢を実現させたいという希望を常に持っています。どんな困難におちいっても、苦しい時には誰かが手を差し伸べてくれる強運の持ち主！,7,独占欲が強くその気になると一途なあなたには、大きな夢を語ってくれる子守熊の彼。でも実際は、しっかりしていて現実的なので、楽しい恋に。,3,どちらも正義感が強くときにぶつかり合うこともあるが、友人としてならいい。考えすぎてすぐ結論が出ないあなたに、的確なアドバイスをくれる。,5,同じマスコットで恋愛には向きにくいが、ビジネスならいい。お互いに尊敬できる理想的な関係で、信頼しあうこともでき意見もかみ合う。
44,m,キミの魅力は、誰にでも心を開かせる気さくさ。また、自分の意見を正直に言っても、人に威圧感を与えない人です。でも実はスルドイ感性の持ち主で、好き嫌いもはっきりしているタイプ。感情にムラがあり、かなりのお天気屋なため、現実と理想のギャップに悩むところもあります。でも、キミは周囲の人達からの引き立てで苦境を打開できる幸運の持ち主。どんな状況においても臨機応変に対応し、ユーモアを忘れなければ大丈夫。プライドはけっこう高いが、目上、目下にかかわらず人の面倒を見ることが、成功への秘訣だということを忘れないように！,5,自分の気持ちははっきり伝えるあなたには、虎の彼女。ただ何気ない虎の一言だが、繊細な神経を持つあなたの心を傷つけてしまうこともある。,2,強い信念を持って立ち向かっていくあなたと、冒険心が旺盛で何にでも果敢にチャレンジしていくチータは、とても気の合ういいコンビだ。,10,お互いに好意を持って付き合っていけるので、ビジネス上もうまくいく。ただし詰めが甘くなるので、しっかりした参謀役が必要になるかも。
44,f,細かいことには無頓着だけど、身のこなしや服装はとってもオシャレな人。新しい情報をいち早くキャッチする感覚が優れています。一見しっとりとしていて、どこかモロさを感じさせますが、本当は芯が強く、勝ち気で情熱家です。一度決めたことは絶対にあきらめない意志の強さの持ち主。でも、自分では意志の弱い、甘えん坊だと思っているみたい。社交家でどんなことにも熱心にチャレンジして行く情熱があるので、リーダーになる素質は十分あり。また、説得力のある話ぶりで仲裁役にもピッタリです。ただ、今ひとつ押しが弱いのが難点かも。,5,お調子者の社交家と見られるあなたは実は芯が強く、弱弱しい男性では納得しない。個性的で仕事もバリバリこなす虎の彼ならうまくリードする。,12,内面に情熱を秘めるやや男勝りのあなたは、友達としては背伸びをしなくていい楽な関係のこじかが最適。どちらも人柄重視で、うまくいく。,1,理想と現実のギャップに悩むことの多いあなたには、現実主義の猿が悩みを忘れさせる最高のパートナー。スピード感も同じで、ストレスと無縁。
45,m,キミは、身近さを感じさせるフランクな面がある一方で、気品と教養を漂わせた人です。直感と実践を尊重する行動的な性格に、要領の良さが加わり、何でもすぐに習得してしまいます。自分に厳しく、世俗的な欲望に無関心なので、周りの人から尊敬される存在。また、筋が通らないことや権威主義をハッキリ嫌う反骨精神があり、強い闘争心を内に秘めています。ただ、神経質なところがあり、大変きれい好きなのは長所だけど、それを周りに強要するのは控えるべし。人に頼まれるとイヤとは言えない人情家で、こうした優しさが幸運を呼ぶ原点です！,4,サービス精神と行動力のあるあなたは、恋愛においても直線的に愛の告白をする。そんなあなたの一途な思いに惹かれるのがライオンの彼女。,11,じっとしていられない性格のあなたに、相性がとてもいいのが狼。二人とも反骨精神が強く、同じ物差しを持っているから、信頼し合える。,3,真っ先に物事に取り組む黒ひょうは、問題解決やクレーム処理に強みを発揮するあなたとバッチリ。二人が組めば仕事の成果も間違いなく上がる。
45,f,あなたは控えめで温厚で、昔ながらの日本女性といった感じの人。争いごとを好まない円満な性格です。人に嫌われることはないけど、ちょっと八方美人に見られがち。でも、感受性が豊かで、過敏なほど鋭い分、親しく付き合うと神経質なところが目だってきます。周囲に対する警戒心が強く、自分のことや家族についての気苦労も多い人。現実主義である一方で、直感力や美的センスにも優れた大変なロマンチストです。この両方をうまくコントロール出来れば成功への道は開けるハズ。ただ、あんまり現実離れしすぎると孤独になるので要注意！,9,物事に対して疑り深いあなたを安心させてくれるのは、気配りと情報通のひつじの彼。その人柄の良さと信頼できる人間性はあなたが求めるもの。,1,どちらも負けん気が強いので、ライバルとして気になる存在だが、友人としての相性は完璧なので、いずれ無二の親友に関係は発展していく。,6,たぬきがあれこれ気を遣ってくれ、新しい人間関係には臆病なところのあるあなたをうまくリードしてくれる。ゆったりとした雰囲気も合う。
46,m,博識で上品、トレンドを上手につかみ、大らかな性格でいつもイキイキしているキミ。気が若く、年の離れた人達とも抵抗なく付き合えるタイプです。ファッションセンスにはうるさくおしゃれ上手。普段は小さなことにはこだわらないけど、結構プライドは高め。だから傷つけられると、かなりのショックを受けます。また、負けず嫌いなので自分を大きく見せようと背伸びをしがち。好き嫌いも激しく、なかなか本音は出しません。でも、気の許せる環境では持ち前のユーモアと人懐っこさで人気者！キミは、人からの引き立てで伸びる運勢の持ち主です。,10,恋愛に関しては結構守りに入るあなたが、不思議とペガサスとの相性はいい。自由気ままなペガサスでも、あなたはうまくコントロールできる。,8,どちらもせっかちな所は大変よく似ている。そんな点でも気が合うのかも。しかも強気で接することができるので、あなたには有利な関係。,5,二人とも、きちんとやったかどうかに関心があるので、人の評価が一緒。強調的な関係を築きながら利益追求にばく進する。
46,f,愛想が良くて、親切で、面倒見のいいあなたは、周囲の人からとっても頼りにされる存在です。でも、残念ながら女らしい色気にチョット欠け気味。物事を淡々と割り切れる性格で、イヤなことがあってもグチひとつこぼしません。人の上に立つより補佐的役割で、人を影から守り立てていくタイプ。思い切った冒険をしない堅実派で、浮き沈みのない生活を送っていきます。趣味や遊びにはあんまり興味がなく、実利的な価値を追いかける真面目な人。また、勝ち気で努力家なので、一度始めたことは最後までやり抜くパワーの持ち主です！,6,持ち前の明るさから恋のチャンスには事欠かないあなたには、たぬきが一番。親切さや面倒見の良さには彼は弱い。相思相愛の素晴らしいカップル。,3,健全な考えを基調とする二人は、とても気の合った最高の友人。とても過去にはこだわらないし、前向きな姿勢で生きていこうとしているから。,11,お互いに程よい距離を保つことで最高のビジネスパートナーとなる。じっくりと計画を立て、目標達成に向けて努力を怠らないことが大事。
47,m,燃え立つようなパワーを持つ努力家のキミ。陽の当たらない分野でも決して手を抜くことはありません。人生のモットーは誠実、勤勉、忍耐！栄誉や賞賛を目的としない熱血青年です。繊細で細やかな面とともに図太さもあり、少々のダメージではへこたれないタイプ。実生活では決断力が早く、機敏な行動力で素早く物事を処理します。そして、だんだんと周りから一目置かれる存在に。キミの豊かな発想を活かせる仕事に就けば成功すること間違いなし。人生の中盤は仕事に専念し、後半はもっぱら後輩の育成に捧げるようにすると、本来の運が活かされます。,1,自分の話ばかりしたがるあなたには、たぬきに弱い猿の彼女がベスト。まさに痒いところに手が届くようにねぎらわれると、激しく燃え上がる。,5,我慢強いので思っていることをストレートに口にできないあなたには、何でもハッキリ言ってくれる虎が羨ましい。なくてはならない存在。,3,仕事熱心では在るが、行き当たりばったりの所があるあなたには、物事を順序立てて推し進めようとする黒ひょうがいればフォローもばっちり。
47,f,あなたは、おっとりとしていて決してでしゃばらず、古風な女性。もめ事の仲裁に入ると、なぜかその場がなごみ、摩擦を回避してくれます。また、目的が決まった時の集中力は抜群で、一度手を付けたらトコトンやり抜く能力の持ち主。普段はあんまり考えるたちではなく、周囲に対しても無感心。でもこれは、あなたの心の内にある一種の悟りのためです。可憐な雰囲気に似合わず実生活では行動的だし、繊細に見えても意外と図太い根性もあり！人を見る目も持っていて、見かけ倒しのカッコ良さには興味がありません。世間を上手に泳いで行く処世術もバッチリ！,11,淋しがり屋でいつも一緒に痛がるあなたには少し物足りないかもしれないが、さっぱりした付き合いを望む狼がいい。主導権を握るのはあなた。,5,人間味を大切にし人柄も申し分ないあなただが、本当は太っ腹。そんなあなたと心を開いて付き合えるのは、強いエネルギーを持った虎だけ。,8,考え方に古風な面のある所が共通点。二人とも仕事熱心でうまくいくが、つい残業も多くなってしまう。あれこれ引き受けてしまうのは考え物。
48,m,キミは気さくで社交上手、誰とでも打ち解ける朗らかな人。いつも細やかな神経を遣って相手の気持ちを素早く読み取ることが出来ます。しかも、相手に悟られないように配慮する気配りクン。でも、内面は勝ち気でプライドが高く、人の好き嫌いもハッキリしているタイプです。突然のひらめきで独特のアイディアを出し、目標達成のためには後にひかない粘り強い面もアリ。ただ、少しあわてん坊なので、冷静さを失わないことが大切です。また、人から何か頼まれると断れないお人よしですが、持ち前のプラスパワーで乗り切っていく人です。,12,気まぐれなあなたと歩調を合わせてくれるのは、こじかの彼女。内面は結構繊細で傷つきやすい面を持っているので、その優しさは救いになる。,5,何でもその場の思いつきで突っ走ってしまうあなたに必用なのは、慎重に納得するまでは行動に移さない虎の友人。あなたのよきアドバイザーに。,3,時に強引に仕事を進めることのあるあなたには、黒ひょうのパートナーがよき理解者としてサポートに回る。またフォローも注意もしてくれる。
48,f,あなたは、超プラス思考中のプラス思考。明るく陽気で、ユーモアセンスも抜群です。性格的には向こう気が強く、男勝りの印象もあり、ちょっとワガママなところもあり。でも、気まぐれでおちゃめなところが魅力です。人を楽しませるのが得意なので、モテるタイプ。だけど、気分が乗らないとなかなか腰をあげない面もあります。生まれながらの努力家で、決心すると目標のためにすべてを賭ける人でもあります。ただ一度目標を失うと、どこかに飛んでいってしまうような危うさもアリ。見えっ張りなところもあるけど、本当は素直で無邪気な人です。,11,気まぐれでもお茶目なあなたには、個性が強く一匹狼の彼がお勧め。あなたの天真爛漫さと狼のニヒルさは、以外なほどピッタリ。補完し合う関係。,7,疑うことを知らないお人好しのあなたは、過去に痛い目にあっている。そんなあなたを友人としてフォローしてくれるのは、逆に疑り深い子守熊。,1,自信過剰気味のあなたにとり、仕事の上ではg年実思考の猿が最高のパートナー。何でも数字で判断するので、チーターのあなたには必要な個性。
49,m,ちょっと近寄り難い外見とは異なり、ホントは折り目正しく調和のとれた人。人に安心感をあたえる悠然とした雰囲気があります。何事もプラス思考で落ち込むこともほとんどなく、落ち込んでも非常に回復が早いのが特徴。自分の無限の才能を信じ、思い切り冒険したいという願望の持ち主。人には出来ないことをトコトンやり通す根性も持っています。自信過剰になり過ぎなければ何事も、かなりの成果を上げることが出来るハズ。また、常に客観的で公平な立場を心がけているため、勝ち気な割りには人から好かれるのもキミの特徴です。,8,バランス感覚の優れたあなたは、恋愛にもバランスを求める。ただ束縛してしまう慶応があるので、相手が窮屈に感ずることがないように。,1,相性はいいが、あくまで友人としての相性で、プライベートに立ち入いったり深入りしたりするとせっかくの友人関係も崩れてしまうことに。,7,仕事を計画的に進めたいと思っている二人だから、ビジネス上でトラブルとなることはない。割り切った関係だが、長く付き合っていける。
49,f,明るくサッパリとした印象の中に、清楚な感じを漂わせるあなた。いつでも元気一杯で、人見知りすることもありません。また、男性に対しても警戒心や媚びることもなし。大らかで母性本能があり、その包容力はとっても魅力的！ただ、頭の回転は速いのに決断力が鈍いのが難点です。また、取り越し苦労の多い性格ですが、何かトラブルが生じると必ず誰かが助けくれるという強運の持ち主。困難を乗り越えた人ほど人情家になり、人の世話を良く見るようになります。地味に着実に可能性のあることだけを求める、夢はあまり見ない現実主義者です。,7,恋愛にも合理性を求めるあなたには、長期的な展望を持ち現実思考の子守熊が最高。バランスと安定を大切にするあなたとは、長く良い関係に。,2,頭の回転が速く考えてから行動に移すあなたと、動きながら考える行動力のチータは、絶妙のコンビ。異性の場合、恋愛にまで発展する可能性も。,1,二人とも結果のみを重視する正確なので前向きだし、お互いに余分な感情が入らないので関係は長く続く。公私にわたって生涯付き合えることも。
50,m,キミは柔らかな物腰の中に、強靭な根性を持っている人です。未知に無限の可能性を夢見て、目指したことは絶対に後には引きません。独立心が強く人生に大きな目標を掲げ、全力で向かっていく意欲の持ち主。直感を信じて行動するため、他人から見ると気ままで一貫性のない人に見られがちです。でも、口ベタだけど、人と理解し合うために一生懸命言葉を尽くすタイプ。キミはもっと自分の信念を貫くことが出来れば大成功する人です。どんな困難にぶつかっても、人から引き立てられて打開していく強運がついているから大丈夫！,7,話し好きで社交上手のあなたには、子守熊の彼女。好みがうるさいので彼女を自分の色に染めたがるが、度が過ぎると反発を買うので注意。,10,完成が豊かで夢おい人のあなたとペガサスは、以外といい。しょっちゅう会うのではなく思い出した時に会う方が、信頼は高まり長続きする。,6,コンセンサスを取りながら周りをまとめていくあなたにとり、でしゃばらず素直に協調してくれるたぬきはビジネスのコンビとしては最高。
50,f,穏やかな容姿に似合わず、男勝りで勝ち気なあなた。子供のころから、大人びている人が多いみたい。人の言うことにはあんまり耳を傾けず、自分の意見を押し通すかなりの頑固者です。でも、内面は、なかなか他人に理解されない自分と葛藤する悩み多き人。自分の中の矛盾を割り切ることが出来れば楽になれるはずです。直感力に優れ、時代のトレンドをいち早くキャッチする能力の持ち主。好きなことには人並みはずれた努力と根性でぶつかっていくが、興味のないことは見抜きもしません。でも、柔軟な思考で人生を粘り強く生きていくタイプです。,7,傷つきやすく一度落ち込むと立ち直るのに時間のかかるあなたには、サービス精神旺盛な彼は得がたいパートナー。優しく尽くしてくれる。,5,意欲的な人に好意を寄せるあなたに、虎の友人は頼もしく見える。実際はあなたの方が虎を動かしていて、何でも言うことを聞くので便利な存在。,11,八方美人的なあなたにとり、人間関係より仕事の効率を考える狼は補完できる最高の相性。気疲れするあなたには、気を遣わなくてすむ楽な相手。
51,m,キミは生真面目で飾り気のない、とっても礼儀正しい人物。しかし、決して弱音を吐かない意志の強さとプライドを持っています。人の手助けを一切拒絶する意地っ張りで、自分の運命は自分で切り拓いていく、独立心旺盛なところもあり。社会的権威や実績を重んじているので、世間の評判も全然気になりません。妥協を許さない完璧主義者あるだけに、自他ともに厳しい評価をしがち。キミはもっと周囲との協調を頭において、仕事にあたることが大切です。そうすれば、持って生まれた強運が生かされ、よい結果が出ること間違いナシ！,6,何でも自分が中心でないと気がすまないあなたには、多少控えめで世話を焼いてくれるたぬきの彼女が最高。自然に甘えさせてくれるのがいい。,10,束縛されることを嫌う二人だが、友人としてはたまに会う関係がいい。お互いに一を聞いて十を知ることができ、多くを語り合う必要はない。,1,周りの人間関係を気にせずに仕事を進めるあなたには、気配りがあり器用に何でもこなす猿がベスト。二人が組めばチームプレーもうまくいく。
51,f,表面は明るく振る舞っていても、実は周囲の人への警戒心が強いあなた。心から打ち解けるのがちょっと苦手で、本音はめったに口にしません。腰が低くても、高いプライドを秘めていて、意志が強く、自分に厳しい人です。もともと一人でいるのが好きなタイプで、「私は普通の女の子とは違う」という感覚を持っているでしょ！？また、あなたは非常に仕事熱心で勉強家で、キャリアウーマンとして活躍することを望んでいます。始めたことは何が何でも完成させる意気込みの持ち主。粘り強く、常に積極的に前進していく頼もしい女性です。,3,他人の前では決して弱音をはかないあなたには、何でも聞いてくれ親身になってくれる黒ひょうがベスト。彼なら心を割って付き合えるはず。,11,隙のない交際を基本とするあなたには、狼なら何でもハッキリ言ってくれるので助かる。ただし、ライオンが機嫌の悪いときは逆効果となる。,5,仕事には几帳面に一生懸命取り組むあなたは、細かいことにこだわらない虎と組むと最高の威力を発揮。だが深い関係になるとうまくいかない。
52,m,温和で謙虚、テキパキとした話し方が特徴のキミ。いったん手を付けた仕事は冷静にこなしていく職人肌の完璧主義者です。神経質な面もあり、人前ではあんまり自分の感情を出しません。プライドが高く、相手の言い分は聞いていても内心では自分の考え方の方が正しいなんて思っているのでは？また、純粋なぶん野心がないので、世間的な対応に弱い面があり、根回しや策略はチョット苦手。几帳面さゆえ警戒心が強く、新しいことにはなかなか手を出しません。精神面を充実させ自信を付けることで積極的になれば、もっと幸運な人生になるハズ！,6,プライベートではアットホームな雰囲気を大切にするあなたは、たぬきとの相性がいい。そのおおらかさがあなたを自由にさせてくれる。,1,冷静な合理主義者でもあるあなたには、実利主義の猿が友人としていい。細かいことに、よく気がつくし、あなたを上手にリードしてくれる。,7,テンポは会いにくいが、相性はとてもいい。悲観的にならないような注意が必要だが、二人とも夢を大切にするので、意見は合いやすいはず。
52,f,あなたが部屋に入ってくると、パッと花が咲いたような華やかな雰囲気になります。そんな優雅で清潔な印象を周りにあたえる女性。しかし、警戒心が強く、新しい環境になじむのがチョット苦手。デリケートな神経と知的な冷静さが、周りの人に堅苦しさを感じさせることもあります。人生では、長距離ランナータイプ。何事も最初はでしゃばらず受け身で、後半になると自己主張してリーダーシップを発揮するようになります。過去を宝物として、そこから新しいものを作りだす人なので、晩年には大きな素晴らしい花を咲かせるでしょう！,11,おおらかに見えるが内心は繊細なあなたには、個性的で自分をしっかり持っている狼の男性が最高。お互いにあまり干渉し合わないのが秘訣。,3,潔癖症のあなたには、黒ひょうの友人がいい。何でも言うにはいつも助けてくれるとてもありがたい存在。,7,お互いにすぐに心を開くことはないが、いったん認め合うと強い信頼感で結ばれる。仕事の上では対立もするが、補完的な素晴らしいパートナー。
53,m,人あたりは柔らかく、明るく開放的に見えるキミ。実は人見知りなので初対面の人との会話は苦手みたい。やや線の細い印象だけど、身のこなしはスタイリッシュ！外見からは想像もできないほどのパワーの持ち主で、名声を得るためには全力を尽くします。一度迷いや困難のぶつかったりすると、優柔不断になりがち。でも、頭の回転が早いから物事の処理もスピーディです。情緒性と芸術的な感受性、シャープなセンスがキミの武器！そして、人情にもろく、人の善意を疑わない面があり、そんなところがみんなから愛されているようです。,7,円満な人格者のあなただが、恋愛となると感情を優先させ他人のことが見えなくなることも。しっかり者で現実を勅旨できる子守熊の彼女が最適。,6,いつも一緒だと面倒くさいが、しばらく会えないと顔を見たくなる。ともに人間関係や情けを大切にするので強い仲間意識が持てて信頼もできる。,2,あなたの頭脳プレーとチータの行動力で仕事の効率は上がる。どちらもムラっけがあるので乗っている時に一気に仕事をこなした方がいい。
53,f,優しい雰囲気を持ち、まるで妖精のような茶目っ気とピュアな心を持ったあなた。しかも美人で、純情なお嬢さんタイプなので、お嫁さん候補ナンバーワン！トレンドにも敏感で、身のこなしもとってもオシャレです。でも内面は束縛されることを嫌い、好き嫌いのハッキリした感性と直感的な論理で人生を生きるタイプです。一度何かに目標を決めると、心のままに一直線！理想を貫くためには、どんな苦労もなんのその。ただ、大変な情熱家で理想を高く持ち過ぎて、現実が見えなくなることも度々。若い頃は、人生を遠回りしてしまう傾向があります。,5,熱い感情を内に秘めるあなたの心に火をつけるのは、約束を大切にする誠意。ロマンチックに夢を追い続けたいので、現実的で頼れる虎がいい。,3,友人としてなら同じ性格の黒ひょう。だいたい考えも嗜好も似ているのでうまくいく。できれば他のマスコットの仲間とのグループ交際がお勧め。,11,あなたを陰日向なくサポートしてくれる職場のお守り役が狼。主導権はあなたが握っているので、この関係はあなたにとって申し分がない。
54,m,キミは、主観や先入観を持たずに客観的にものを見ることができる人です。一種独特の風格があり、誰とでも平等に付き合うので、周囲の人気者。つい相談を持ちかけたくなるような雰囲気の持ち主です。また、筋の通らないことは絶対に譲らないガンコな面もあり、自分の目指すゴールに一途に向かってしくファイトも持っています。自分には厳しいけれど他人には優しく、周囲への奉仕的精神が強いので多くの人に愛されるタイプ。キミは何事に対しても器用だけど、何か一つ自信を持てるものがあると、もっとうまくいくはずです！,3,物事に動じない悠然とした雰囲気を持ったあなたにふさわしいのは、スマートで流行に敏感な黒ひょうの彼女。惚れた弱みから頭が上がらない。,6,どんな人でモア受け入れてしまうあなたと相性も良く、対人対応でも似たところがあるのがたぬき。お互いにあまり深刻に考えないので長続き。,12,意外な組み合わせだが、ビジネスの上での相性はいい。実利と人間関係のどちらに重きをおくかという違いはあるが、息の合ったパートナー。
54,f,あなたは、くったくのない明るさを持った無邪気で素直な女性です。見たこと聞いたことをそのまま信じてしまい、だまされたり、利用されやすいのがたまにキズ。カンや洞察力は鈍いほうだけど、冷静な判断力を持った人です。マイペースで悠々とした態度は、初対面の人にはチョット気どった風に見られるかも。でも、誠実で面倒見が良く、大きな包容力はあなたの魅力！他人の世話に追われて自分を見失ってしまうこともあるくらいです。多くのことを成し遂げますが、エネルギーが散漫になると、目標が達成出来ないことがあるので要注意！,3,あなたをサポートしてくれる相手は、服装や態度にスマートな感覚を持っている黒ひょうの彼。センスのいい彼のリードに身を任せていれば安心。,8,友人としてなら相性はいい。ゾウは何かとあなたに気を遣ってくれるし、基本的には女性に優しいので、気楽に接していて大丈夫だし、いい関係。,11,仕事に集中しすぎるとほかのことにかまわなくなるあなたを、ペースをしっかりと守る狼がサポート。楽天的にすごせばストレスのない生き方に。
55,m,誰に対してもハッキリものを言うキミ。そんな開けっぴろげなところがキミの魅力みたい。むやみに人を疑いませんが、イザという時には一歩も引かないガンコな面もあり。でも、人の話を良く聞いて真意をしっかり把握でき、臨機応変の対応もできる人です。決断力や実行力もあり、やるべきことはキッチリやるし、その場限りの対応は絶対しないので、責任感がある人として周りから厚く信頼される存在！ただ、あんまり自分の能力を買いかぶり過ぎないこと。実力で勝負する世界には向いているので、独立したほうが生来の強運を生かせて成功するタイプです。,3,思ったことをはっきり口にするあなたには、相手の心を思いやる優しさを持った黒ひょうが最高。なぜか彼女の言うことなら聞き入れられる。,11,友達のなかでも自信家で通っているあなたは、狼との相性が一番。二人とも腹の中と言葉が一致している、嘘のつけない性格だから、気が合う。,2,仕事もバリバリこなすあなたは、何でも自分でやらないと気がすまないので、チームプレーには向かない。超プラス思考のチータならよき理解者。
55,f,落ち着きのあるアネゴタイプのあなた。そのどっしりとした雰囲気で、まさに女傑といわれるのにふさわしい度胸を備えています。少女時代は大人びていて、逆に年齢を重ねるごとに若々しくなっていくタイプ。強い自我を持っていて、周りの影響を受けることもなく、自分の世界を築いていける人。また、着実に人生の目標に到達していく息の長さも持っています。金銭や名誉には特にこだわり、それを手にいれるための努力は惜しまない野心家の一面もアリ。,8,明るくたくましい男性に惹かれるあなたには、知性的でパワフルなゾウの彼。細かいことにこだわらずあなた認めてくれるので、素直になれる。,3,まさにパワフルの虎といった印象を与えるあなたの友人には、やはり行動力のある黒ひょうしかいない。スマートにリードしてくれるのがいい。,2,職場での人間関係に時々悩まさせるあなた。チータは上手に解決策を与えてくれる。過去にはこだわらない性格が、自分には無いので助かる。
56,m,"一見無口だけど、誰に対しても誠実で素直な態度で接する人格者。損得にかかわらず人情を大切にした付き合いをする人です。ただ、マイペースを貫くので、自分の世界を無神経に侵されることが大嫌い！そのせいか、人間関係は意外と狭いようです。気のあった少数の仲間と仲良く付き合うタイプ。また、何事も積極的にチャレンジし、最後まで自分の力でやり遂げる根性の持ち主。じっとしているのは苦手で、常に何か行動しているのが好きみたい。たとえ追い込まれることがあっても、なぜか救いの手が差しのべられる強運の持ち主です。 
",7,純真さと正義感を持ったあなたは、恋愛の対象にも自分と同じ物を求める。子守熊の彼女は慕ってくれ、あなた好みの女性に変貌してくれる。,8,人情を大切にするあなたは、情にほだされると以外に涙もろいゾウが友人としてはいい。思い立ったら一直線のところも似ているのかもしれない。,6,仕事も人間性で判断する二人なので、価値観を共有できる。コンセンサスを取りながら仕事を進めていくので、仕事以外の付き合いも多くなる。
56,f,あなたは、豊かな情緒と母性愛にあふれた包容力を持つ女の子です。自分に甘えることなく人に優しく献身的。人や環境に対して警戒心があまりなく、自分を大胆に表現して体当たりの人生を歩む情熱家です。一度決めたことには周囲の批評なんか気にせず一直線！押しが強すぎる印象もあるけど、駆け引きできるタイプではありません。ただ、過剰すぎる自信が向こう見ずに映ることもありがち。時には謙虚に反省して計画を見直すことも心がけましょう。また、あなたは美的感覚や色彩センスに優れているので、それを活かす仕事につくといいかも。,5,自信家のあなたは、男性にも強さと威厳を求めるので虎の彼がいい。初対面は苦手でも、ひとたぎ恋仲になると長く続き、人もうらやむ関係に。,9,人間関係では人柄を最も重視する二人なので、友人としては最高。日ごろいえない愚痴やぼやきを聞いてもらえるし、困った時にも助けてもらえる。,4,対外的には八方美人のように気を配るあなたは、礼儀礼節を重んじながら取引のできるライオンなら尊敬できる。お互いに利益を伸ばせる関係
57,m,他人に気を遣う反面、愛想よく振る舞うことは苦手なキミ。生真面目な性格なため、思ってもないことを口にできません。そんな軽はずみでないところが信頼されています。仲のいい友人の前では、お茶目な甘えん坊だったりしますが、一歩外に出ると、他人を頼りにしません。また、親分肌で面倒見がよく、指導的な立場に立つといい教師タイプ。ただ、自他ともに要求が厳しいので周りがついて来れないこともあります。自分の道は自分で切り拓く強さの持ち主。プライドが強く負けず嫌いのため、誉め言葉に弱い面もアリ。,7,感情の起伏の激しいあなたとうまくやれるのは、コンスタントに自分の道を歩む子守熊の彼女。二人っきりだと甘えん坊のあなたと良好な関係に。,10,気分屋の二人は誰からも束縛されたくないので、適当な距離感が保てれば最高の友人。いつもべったり一緒にいると関係にひびが入るので注意。,1,仕事に完璧を求めるあなたは、他人にも厳しく接している。そんな気持ちを上手に察していつも先回りしてくれるのが猿。どうも頭があがらない。
57,f,表面は自分を抑えて社交的に振る舞っているあなた。本当は勝ち気で、競争に遅れをとることは絶対にしたくないタイプです。腰の低さと裏腹に、秘めたプライドの高さの持ち主。常に気負っていて自分にも厳しく、いつも全力で走り回っています。情緒的な感情やあいまいな態度は大嫌い！何事も白黒ハッキリさせたいと思っています。正義感の強さは人一倍で、弱い人に対しては、自分が損をしてまでも助けるような優しさがあなたの魅力です。また、何か目標を持っていても焦らず、地道に努力を積み重ねていく持続力は宝物になるハズ。,5,尊敬できるところのない人は年上でも軽蔑してしまうあなたも、仕事がバリバリできてエネルギッシュな虎ならうまくいく。言い方は気になるが。,3,自分の気持ちに正直に生きたいあなたには、相手の気持ちを重視する黒ひょうは有り難い存在。あなたのためを思っているので耳を傾けたい。,11,仕事に対する意識の高いあなたとパートナーを組める最高の相性は、一風変わっていて合理主義の狼。協力的に仕事を進められれば怖いものナシ。
58,m,"いかにもおっとりした感じで、物わかりの良さそうな印象をあたえるキミ。ホントは常識や秩序を乱されることが何よりも大嫌いで、上下関係に特にうるさい人です。でもこれは、理想の生き方へのこだわりと弱音を吐かない芯の強さの裏返し。また、自分のことよりも人のために尽くす純粋さを持っています。いつまでも若さを失わず、困難にぶつかると普段の何倍ものパワーを出し、何事も乗り越えていける強運の持ち主！あらゆる分野の情報を収集し、実績あるデータで次の展開を考えているので、とっても博学です。ただ、権威を重んじ過ぎないこと！
",7,外と家とで見せる顔のギャップが大きいあなたには、何でも本音で受け止めてくれる子守熊は有り難い。年上だと上手に甘えて相性アップ。,8,お互いに考えていることが理解し合えるのでとても楽。理性のあなたと完成のゾウは逆のようだが意外と合うので、友情を深めるのはすぐできる。,5,仕事に情熱を燃やすあなたは、自他共に厳しい。同じように仕事に妥協をしない虎と上手に付き合えば、誰にも負けない最強のパートナーに。
58,f,あなたは、外見的な色っぽさと内面的な潔さを合わせ持つ、とっても魅力的な女性です。人生をめまぐるしいスピードで生きていて、止まることを知りません。また、決して弱音を吐かない意志の強さと道を極めようとするこだわりがあります。見た目とは違って、非常に高いプライドの持ち主。ただ、理想を現実にするために現在を犠牲にするわけではなく、その瞬間を最も大切にします。あなたは、やがて一流の場所で認められるようになれるハズ！,5,異質な個性に惹かれるあなたには、性格的にはまったく違ったタイプの虎の彼がいい。ポイントは、あなたのプライドを虎が傷つけないこと。,11,独自の人生観を持ち他人からは変わっていると評価される狼は、個性的な人に共感を持てるあなたとは最高の友人。堅実な交流がはかれる。,9,世話好きなひつじは仕事面でもライオンのフォロー役で、こまめに気を遣ってくれる、常にあなたを立てているので、誇り高き自尊心をくすぐる。
59,m,マナーを心得た穏やかな性格と明るさがキミの魅力。口数は少ないけど、ロマンチストな面があり、体を動かして得た結果だけを信じる行動派です。人付き合いがうまく、ワンクッションを置いて、タイミングを図る駆け引きも得意。決して浅はかな行動はとらず、何事もよく考た上でします。相手の心理状態を察するカンは素晴らしく、次に何を言うべきかが自然と浮かんでくる人です。だから相手を説得する腕前は天下一品！でもその一方で義理人情に厚く、お人よしな面があるので頼み事を断ることはありません。そんな性格が人望を集めるタイプです。,10,束縛を嫌う黒ひょうには束縛を嫌うペガサスが最高の相性。おしゃべり上手で相手の気をそらさないあなたが、一緒にいると不思議にくつろぐ。,9,友達をとても大切にするあなたは、ひつじの気配りにいつも助けられる。友情も愛情もある二人は、障害の友として長く付き合っていける。,8,職場内での人間関係を重視するあなたは、サポート役になれるかで評価が変わる。ゾウとは相性も良く、あなたのよきパートナーになってくれる。
59,f,常に時代の先端を行く話題をキャッチし、人が振り返る程オシャレなあなた。また、明るく伸びやかで屈折がない性格で、理性と感情伸びやかでバランスがとれた平和主義者です。交際範囲も広く、１０年２０年といった長い付き合いの友達が多いみたい。そんな人脈があなたの最大の財産になるはず。あなたは、人生の目標をじぶんで探さなくても周りの人達から与えられるタイプです。人生の前半と後半でまったく違う生き方をすることも。そんな運勢を生かして、多くの人との交流を持ってチャンスの幅を広げていくことが大切になります。,8,恋愛で情に訴えられると弱いあなたは押しの強いアプローチに心を開く。とてもカンがいいので、あなたの考えをすばやく理解してもくれる。,3,センスにあふれる黒ひょうは、友人としては、同じ黒ひょうが相性抜群。思考が同じなのでまったくストレスのない姉妹のような付き合いができる。,2,仕事も積極的にこなしていくあなたは、同じ感覚で仕事に望むチータとの相性がいい。前向きで建設的な関係を維持すると、仕事の効率も上がる。
60,m,紳士的な風貌でファッションセンスが抜群でオシャレなキミ。温厚誠実な人柄ですが、何事にも積極的に取り組む、プラス思考の強い性格。多少のクールさも感じられますが、その中に繊細な気遣いを感じさせられる人です。名を取って実を捨てる高潔さを持っていて、現実主義者とは全く反対のタイプ。筋の通らないことが嫌いな論理派だけど、理想や夢を追いかけるロマンチストな一面もあります。学問や技術的な専門分野で独立独歩の人生を歩むと、持って生まれた才能を発揮しやすく、大成功すること間違いナシ！,8,自由・平等・博愛の精神を持つあなたは、恋愛も結婚まで視野に入れて考える。ゾウの彼女なら、一度うまくいけば一生添い遂げられるかも。,11,性格的には平凡なあなただが、発想はユニークで時にみんなをビックリさせる。独創的な考え方やいき方をする狼なら、補い合ってウマが合う。,7,仕事をするときにはペースを考えスケジュールを立てているあなたには、ペース配分のうまい子守熊がいい。お互いを尊重できるので信頼感もある。
60,f,純粋無垢な少女のような印象で、明るくほがらかなあなた。同性はモチロン、異性からも多くの注目を集め、どんな人からも愛されるタイプ。自分の生き方をしっかり持っているから、弱い立場の人にも手を差し伸べることが出来ます。ただ、他人には親切なのですが、チョットお調子者な面があり、たわいもないお世辞に乗せられてしまうことがあるので要注意！周りのペースに合わせることが得意なので、自ら全面に出て動き回るよりも、何事も受け身の姿勢のほうがいいみたい。周りの人から動かされていた方が運勢が上昇し成功するはずです！,1,周囲を明るくしてくれる楽しい男性に惹かれるあなたには、猿との相性が抜群。一緒にいるだけで面白いので、気取らない関係は長続きする。,7,同じ価値観を持った子守熊といると、何でも隠さずに話すことができる。お互いにあまりプライベートに立ち入らないのも、長続きの秘訣。,2,慎重派のあなたに明るく積極的に仕事を楽しむチータは最高のパートナー。仕事のやり方は違うので、双方認め合えれば、補い合ってうまくいく。
